user_id,item_id,event_type
1,271,view
1,107,view
1,72,click
1,701,view
1,21,view
1,615,view
1,122,view
1,467,save
1,215,view
1,331,click
1,459,click
1,88,view
1,373,click
1,100,view
1,872,view
1,664,complete
1,131,complete
1,662,save
1,309,view
1,770,view
1,344,click
1,492,view
1,414,view
1,806,view
1,386,view
1,192,like
1,956,view
1,277,click
1,161,view
1,460,click
1,314,click
1,22,view
1,253,complete
2,556,view
2,162,view
2,202,view
2,958,view
2,270,view
2,863,view
2,816,view
2,271,click
2,456,save
2,462,click
2,727,like
2,252,click
2,702,like
2,296,like
2,725,view
2,720,view
2,749,view
2,338,click
2,879,click
2,53,click
2,792,view
2,922,click
2,217,view
2,764,complete
2,188,save
2,380,click
2,493,view
2,41,view
2,157,view
2,15,click
3,554,view
3,892,view
3,461,view
3,691,view
3,575,view
3,864,like
3,743,view
3,241,view
3,564,view
3,96,like
3,900,view
3,734,click
3,485,view
3,407,view
3,231,view
3,749,view
3,655,click
3,171,view
3,541,click
3,36,view
3,525,view
3,160,view
3,839,view
3,699,click
3,243,view
3,86,view
3,796,view
3,578,view
3,682,click
3,557,click
4,699,view
4,113,view
4,2,view
4,642,save
4,220,view
4,566,dislike
4,855,view
4,736,save
4,225,save
4,385,view
4,403,click
4,638,click
4,130,like
4,53,view
4,684,view
4,730,click
4,672,save
4,710,view
4,416,view
4,247,complete
4,836,view
5,872,complete
5,641,click
5,779,like
5,988,view
5,953,view
5,473,click
5,946,save
5,151,like
5,415,view
5,990,like
5,298,like
5,611,complete
5,263,save
5,764,click
5,144,click
5,346,view
5,624,complete
5,572,complete
5,881,view
5,2,view
5,897,view
5,304,view
6,580,view
6,801,view
6,398,click
6,277,view
6,816,view
6,916,click
6,504,view
6,896,complete
6,392,complete
6,135,like
6,195,view
6,401,view
6,640,like
6,33,view
6,688,complete
6,460,complete
6,955,like
6,883,view
6,470,view
6,375,like
6,22,view
6,750,view
6,670,click
6,38,complete
6,230,click
6,365,click
6,563,view
6,438,click
6,776,dislike
6,283,view
6,27,click
6,226,like
6,277,click
6,798,click
6,609,click
6,284,view
6,879,view
7,867,view
7,818,dislike
7,921,save
7,408,like
7,525,view
7,828,view
7,506,view
7,903,click
7,825,view
7,36,save
7,685,view
7,20,complete
7,321,view
7,776,save
7,512,view
7,400,view
7,654,click
7,972,view
7,883,view
7,471,complete
7,143,click
7,92,view
7,354,view
7,834,view
7,800,click
7,727,view
7,959,view
7,854,view
7,51,view
7,665,click
8,58,view
8,634,view
8,513,view
8,751,complete
8,802,click
9,790,view
9,861,view
9,247,view
9,963,view
9,76,like
9,154,click
9,656,view
9,435,view
9,86,view
10,254,view
10,734,click
10,357,complete
10,23,view
10,762,complete
10,522,like
10,758,view
10,837,view
10,100,view
10,802,view
10,180,view
10,223,click
10,906,view
10,762,view
10,659,save
10,442,view
10,608,save
10,769,view
10,325,view
10,516,click
10,16,click
10,792,like
10,336,click
10,759,save
10,258,view
10,497,view
10,988,save
10,896,save
10,160,dislike
10,475,view
10,852,view
10,664,save
10,908,view
10,690,complete
10,675,like
10,380,view
10,545,save
11,867,click
11,873,view
11,798,view
11,273,view
11,881,click
11,62,save
11,596,save
11,880,save
11,729,view
11,342,view
11,397,view
11,699,click
11,19,view
11,177,like
11,612,view
11,396,view
11,445,view
11,233,save
11,915,click
11,76,view
11,265,view
11,455,click
11,796,view
11,718,save
11,735,click
11,384,view
11,564,view
11,851,dislike
11,506,view
12,342,dislike
12,500,save
12,657,view
12,511,view
12,327,save
13,714,view
13,858,complete
13,531,view
13,39,complete
13,126,view
13,451,like
13,173,click
13,653,dislike
13,754,view
13,220,click
13,638,complete
13,58,click
13,660,click
13,476,click
13,456,view
13,829,click
13,895,click
13,361,like
13,935,view
13,1,view
13,387,complete
13,973,like
13,348,view
13,190,click
13,505,view
13,191,view
13,508,view
13,369,view
13,409,click
13,824,view
13,929,complete
14,502,save
14,959,view
14,145,dislike
14,201,view
14,929,click
14,724,view
14,461,save
14,732,click
14,752,view
14,925,view
14,909,view
14,558,view
14,547,view
14,253,click
14,390,click
14,594,click
14,883,like
14,256,click
14,709,click
14,815,save
14,921,view
14,450,view
14,10,view
14,824,view
14,798,view
14,242,view
14,251,like
14,877,save
14,5,view
14,119,view
14,801,view
15,438,view
15,118,click
15,771,click
15,891,view
15,306,like
15,268,view
15,961,click
15,54,click
15,236,save
15,389,view
15,990,save
15,734,save
15,763,view
15,825,view
15,401,click
15,624,view
15,767,view
15,303,click
15,919,view
15,207,click
15,229,view
15,853,click
15,910,view
15,578,click
15,75,view
15,435,click
15,103,view
15,422,like
15,704,click
15,764,complete
15,738,click
15,806,view
15,306,save
15,98,view
15,850,view
15,798,view
15,335,click
15,859,click
16,346,like
16,46,like
16,546,view
16,945,view
16,78,save
16,730,click
16,813,view
16,923,view
16,73,view
16,794,view
16,249,click
16,47,view
16,121,view
16,214,click
16,239,view
16,56,view
17,3,view
17,623,view
17,919,click
17,750,view
17,363,click
17,751,save
17,508,view
17,274,click
17,506,view
17,806,view
17,739,view
18,67,view
18,233,view
18,109,view
18,146,click
18,111,click
18,228,view
18,111,dislike
18,470,click
18,34,view
18,623,view
18,776,view
18,936,view
18,369,view
18,748,view
19,607,save
19,664,view
19,823,complete
19,137,click
19,759,view
19,899,click
19,243,click
19,543,click
19,40,save
19,229,view
19,548,click
19,920,complete
19,223,view
19,6,click
19,322,view
19,468,view
19,732,click
19,75,click
19,4,view
19,847,click
19,646,view
19,118,view
19,881,view
19,606,view
19,504,view
19,947,click
19,574,save
19,441,view
19,194,like
19,847,click
19,715,view
19,392,complete
19,26,dislike
19,435,view
20,547,click
20,513,view
20,296,click
20,320,view
20,918,view
20,572,click
20,832,view
20,349,view
20,840,click
20,779,view
20,873,view
20,229,click
20,270,click
20,828,view
20,798,like
20,291,view
20,725,click
20,165,click
20,5,dislike
20,851,save
20,379,click
20,78,save
20,410,view
20,574,view
20,132,click
20,601,view
20,749,save
20,42,view
20,89,click
20,402,view
20,296,view
20,840,click
20,295,click
20,616,click
20,526,view
20,800,view
20,691,save
20,637,view
20,422,click
21,811,save
21,283,view
21,69,click
21,660,save
21,11,view
21,254,view
21,842,view
21,872,view
21,550,save
21,134,like
21,712,view
21,23,view
21,815,view
21,346,view
21,302,save
21,363,view
21,396,view
21,218,view
21,141,click
21,616,view
21,958,click
21,210,view
21,985,save
21,623,click
21,616,view
21,828,view
21,683,like
21,460,like
21,356,view
21,324,view
22,529,view
22,640,view
22,939,dislike
22,955,click
22,876,click
22,763,view
22,179,click
22,182,view
22,664,like
22,25,view
22,967,view
22,180,view
22,710,view
22,501,click
22,856,view
22,161,save
22,177,view
22,285,click
22,63,view
22,662,view
22,666,click
22,156,view
22,882,view
22,469,like
22,49,complete
22,967,view
22,849,view
22,84,click
22,361,view
22,689,view
22,148,view
23,349,view
23,8,save
23,833,view
23,313,click
23,759,view
23,835,view
23,984,view
23,983,click
23,443,like
23,767,save
23,328,view
24,910,view
24,735,view
24,823,click
24,944,view
24,978,click
24,7,view
24,330,click
24,775,view
24,673,view
24,151,complete
24,85,save
24,147,view
24,624,like
24,381,view
24,915,like
24,548,save
24,285,view
24,700,view
24,82,view
24,514,click
24,897,click
24,815,view
24,709,view
24,916,save
24,523,dislike
25,109,click
25,610,view
25,727,like
25,805,view
25,75,view
25,838,click
25,146,view
25,128,view
25,853,click
25,42,view
25,356,click
25,41,view
25,934,view
25,34,view
25,17,view
25,677,click
25,153,view
25,378,click
25,588,view
25,599,click
25,629,complete
25,874,click
25,342,view
25,981,view
25,27,view
25,825,click
25,287,view
25,646,view
25,731,click
25,168,view
25,610,save
25,268,view
25,749,view
26,641,view
26,217,like
26,61,view
26,939,complete
26,616,view
26,42,view
26,25,click
26,39,like
26,803,click
26,131,save
26,498,click
26,229,click
26,108,save
26,172,view
26,435,view
26,478,view
26,102,dislike
26,866,complete
26,524,view
26,275,click
26,613,like
27,794,click
27,981,view
27,86,click
27,250,view
27,391,like
27,782,click
27,335,view
27,629,view
27,519,click
27,137,save
27,883,click
27,688,click
27,840,click
27,498,click
27,827,view
27,727,like
27,477,view
27,594,view
27,223,dislike
27,990,view
27,372,view
27,935,view
27,402,complete
27,443,view
27,490,view
27,615,view
27,273,view
28,440,view
28,748,view
28,239,view
28,377,dislike
28,266,view
28,926,view
28,921,click
28,359,view
28,340,complete
28,389,save
28,577,view
28,990,view
28,689,like
28,3,complete
28,429,view
28,142,click
28,376,view
28,670,dislike
28,324,view
28,146,complete
29,107,view
29,226,click
29,825,click
29,218,click
29,937,view
29,753,click
29,506,view
29,259,dislike
29,888,like
29,774,view
29,517,click
29,773,click
29,54,view
29,47,like
30,267,dislike
30,617,view
30,952,like
30,323,click
30,635,like
30,988,click
30,541,click
30,649,click
30,195,like
30,921,click
30,738,click
30,332,like
30,170,view
30,521,view
30,463,view
30,40,view
30,537,view
30,261,complete
30,395,view
30,955,click
30,226,view
30,984,like
30,124,complete
30,975,view
30,38,like
30,328,view
30,251,save
30,901,view
30,176,like
30,602,view
30,914,click
30,454,save
30,37,view
30,316,view
30,688,view
30,973,view
30,796,click
30,965,view
31,700,view
31,448,like
31,856,complete
31,365,complete
31,675,click
31,326,view
31,467,save
31,414,view
31,455,view
31,586,view
31,233,view
31,224,save
31,831,click
31,412,view
31,572,view
31,335,dislike
31,222,view
31,37,view
31,989,view
31,278,save
31,196,click
31,916,view
31,864,view
31,484,click
31,242,click
31,324,view
31,731,complete
31,192,view
31,17,view
31,524,complete
31,918,view
31,401,click
31,906,view
31,886,view
31,705,dislike
31,22,view
31,474,like
31,120,view
32,832,click
32,793,view
32,792,click
32,524,view
32,786,view
32,271,click
32,492,view
32,208,click
32,539,view
32,584,dislike
32,60,view
32,430,view
32,985,click
32,657,view
32,605,complete
32,309,click
32,520,click
32,591,save
32,27,complete
32,686,like
32,562,click
32,199,click
32,387,view
32,349,view
32,960,click
32,940,view
32,693,view
32,536,view
32,828,view
32,378,save
32,899,complete
32,916,view
32,558,click
32,527,like
32,153,view
32,734,save
32,206,view
32,455,view
32,273,complete
33,686,save
33,122,view
33,143,like
33,106,click
33,887,save
33,428,view
33,305,click
33,872,click
33,971,click
33,317,view
33,963,view
33,635,view
33,902,view
33,9,like
33,774,view
33,73,complete
33,359,view
33,223,view
33,416,save
33,553,click
33,370,view
33,716,click
33,264,click
33,840,view
33,690,dislike
33,860,complete
33,318,click
33,84,view
33,318,click
33,111,view
34,353,click
34,903,click
34,332,click
34,817,view
34,862,view
34,725,click
34,159,click
34,954,save
34,957,click
34,24,dislike
34,404,view
34,805,view
34,516,view
34,732,view
34,364,save
34,382,view
34,532,save
34,956,view
34,152,click
35,334,view
35,2,click
35,375,view
35,293,view
35,837,like
35,934,view
35,553,click
35,318,click
35,502,view
35,828,view
35,381,view
35,623,like
35,14,view
35,504,view
35,231,view
35,985,click
35,84,view
35,130,view
36,683,click
36,972,view
36,513,save
36,313,save
36,576,click
36,886,like
36,980,view
36,284,view
36,121,view
36,107,view
36,933,click
36,687,complete
37,1,view
37,119,view
37,35,view
37,198,click
37,485,view
37,757,click
37,59,complete
37,837,view
37,161,click
37,691,view
37,206,like
37,12,view
37,490,click
37,276,save
37,693,complete
37,242,click
37,216,view
37,251,click
37,811,like
37,126,click
37,217,view
37,306,complete
37,797,click
37,185,click
37,39,view
37,223,click
37,184,view
37,495,click
37,427,view
37,178,click
37,919,dislike
37,428,view
37,294,complete
38,688,view
38,781,click
38,585,click
38,757,click
38,589,view
38,159,click
38,489,click
38,971,click
38,324,view
38,610,view
38,381,click
38,102,view
38,494,click
38,644,save
38,614,click
38,19,click
38,454,complete
38,482,save
38,594,like
38,397,save
38,279,view
38,851,view
38,365,click
38,331,view
38,641,view
38,344,view
38,822,click
38,455,click
38,601,click
39,407,like
39,619,click
39,336,click
39,815,view
39,117,click
39,124,view
39,399,complete
39,793,save
39,804,click
39,715,view
39,51,like
39,783,save
39,324,view
39,789,view
39,141,save
39,470,view
39,787,like
39,802,view
39,334,view
39,893,save
39,964,view
39,373,click
39,564,view
39,494,view
39,539,click
40,726,click
40,220,save
40,905,save
40,26,view
40,521,view
40,783,view
40,10,view
40,984,like
40,378,view
40,633,click
40,637,view
40,682,view
40,584,view
40,152,view
40,720,click
40,49,view
40,154,click
40,859,view
40,293,view
40,580,view
40,50,click
40,664,click
40,531,view
40,612,view
40,60,click
41,280,click
41,700,view
41,302,view
41,531,view
41,580,click
41,218,view
41,102,save
41,554,click
41,288,view
41,167,click
41,621,view
41,36,click
41,744,click
41,741,view
41,353,view
42,838,view
42,130,save
42,727,view
42,172,view
42,770,dislike
42,614,view
42,209,view
42,803,view
42,354,complete
42,471,view
42,798,click
42,116,save
42,264,view
42,662,click
42,812,view
42,442,view
42,548,save
42,453,like
42,845,click
42,477,click
42,287,view
42,303,view
42,311,view
42,208,view
42,618,view
42,446,view
43,987,view
43,761,view
43,969,click
43,449,click
43,843,like
43,835,view
44,316,view
44,101,click
44,244,view
44,490,complete
44,12,click
44,239,save
44,561,view
44,42,like
44,678,like
44,594,view
44,429,click
44,803,save
44,158,view
44,216,click
44,670,view
44,462,view
44,134,view
44,67,view
44,848,view
44,7,view
44,948,complete
44,526,click
44,73,complete
44,399,view
44,405,view
44,675,click
45,989,view
45,828,click
45,447,dislike
45,390,view
45,672,view
45,861,view
45,43,view
45,254,view
45,130,click
45,60,view
45,663,click
45,467,dislike
45,287,save
45,517,click
45,467,view
45,930,click
45,778,click
45,345,view
45,642,view
45,382,like
45,779,view
45,690,view
46,155,view
46,92,view
46,982,save
46,526,click
46,455,click
46,741,view
46,598,click
46,645,view
46,510,save
46,183,click
46,386,view
47,164,complete
47,465,save
47,497,view
47,700,view
47,395,complete
47,703,view
47,917,save
47,308,save
47,768,view
47,183,view
47,629,view
47,794,view
47,510,like
47,708,view
47,546,like
47,564,view
47,624,dislike
47,764,view
47,594,view
47,744,view
47,227,click
47,745,click
47,733,save
47,436,view
47,925,view
47,422,click
47,554,view
47,21,view
47,554,dislike
47,397,complete
47,625,complete
47,105,save
47,192,view
47,17,view
47,120,click
47,393,save
48,320,click
48,138,view
48,550,view
48,623,view
48,992,click
48,368,save
48,220,click
48,337,click
48,223,view
48,648,complete
48,768,save
48,360,view
49,374,save
49,781,click
49,693,view
49,160,view
49,351,like
49,912,view
50,488,view
50,827,complete
50,846,click
50,124,click
50,985,view
50,626,view
50,790,view
50,414,save
50,980,view
50,725,click
50,172,click
50,288,view
50,435,click
50,686,view
50,113,complete
50,888,view
50,917,view
50,122,view
50,544,view
50,222,save
50,631,click
50,39,click
50,497,view
50,780,view
50,233,view
50,943,click
50,530,like
50,149,view
50,397,view
51,584,click
51,129,click
51,876,view
51,261,click
51,515,click
51,449,save
51,900,save
51,104,save
51,483,view
51,224,click
51,832,save
51,874,click
51,866,save
51,491,save
51,473,view
51,10,click
51,405,view
51,896,view
51,302,click
51,231,save
52,154,view
52,805,click
52,742,view
52,469,click
52,822,click
52,871,dislike
52,405,view
52,202,save
52,38,click
52,942,view
52,772,view
52,188,click
52,57,view
52,941,view
52,20,view
52,273,save
52,119,save
52,583,click
52,516,view
52,221,view
52,526,click
52,515,view
52,728,view
52,741,click
52,336,dislike
52,698,click
52,55,click
52,500,complete
52,900,view
52,888,click
52,766,complete
52,536,view
52,162,click
52,670,click
52,594,click
52,915,click
52,159,like
52,188,save
52,60,view
53,302,view
53,922,view
53,581,view
53,349,view
53,832,view
53,933,save
53,980,complete
53,49,view
53,917,view
53,74,save
53,704,view
53,261,view
53,356,like
53,582,view
53,602,click
53,260,click
53,638,view
53,743,view
53,295,save
53,931,view
53,641,view
53,792,click
53,313,click
53,612,view
53,838,like
53,809,view
53,182,save
53,686,save
53,828,click
53,364,view
53,188,complete
53,569,view
53,543,click
53,596,view
53,664,view
53,985,view
53,548,complete
53,725,complete
53,926,view
54,178,like
54,629,view
54,708,click
54,895,view
54,490,save
54,327,view
54,598,view
54,289,complete
54,593,save
54,664,view
54,573,view
54,573,like
54,354,click
54,28,save
54,954,save
54,43,view
54,681,view
54,423,click
54,598,view
54,177,view
54,529,complete
54,610,click
54,966,save
54,494,click
54,198,click
54,610,view
54,577,view
54,842,view
54,853,view
54,517,save
54,514,view
54,22,view
54,112,view
54,57,view
54,66,view
54,842,view
54,98,view
55,920,like
55,508,click
55,476,view
55,297,click
55,164,save
55,485,view
55,597,like
55,72,like
55,567,view
55,905,dislike
55,559,view
55,911,view
56,613,like
56,928,save
56,892,click
56,688,complete
56,619,view
56,613,dislike
56,260,click
56,990,click
56,966,view
56,366,like
56,758,view
56,787,view
57,837,view
57,537,save
57,131,like
57,353,click
57,196,view
57,793,view
57,916,view
57,930,click
57,666,view
57,382,like
57,645,click
57,227,view
57,701,click
57,476,view
57,477,click
57,265,click
57,372,save
57,486,save
57,434,view
57,646,view
57,211,click
57,572,view
57,940,view
57,377,view
57,395,click
57,450,view
57,943,click
57,364,dislike
57,876,view
57,457,view
57,725,view
58,815,view
58,806,view
58,143,like
58,191,click
58,533,view
58,227,complete
58,313,view
58,629,view
58,949,view
58,302,click
58,654,like
58,460,view
58,401,like
58,551,view
58,393,like
58,867,save
58,764,save
58,845,view
58,207,complete
58,210,click
58,115,view
58,737,save
58,646,view
58,251,like
58,219,view
58,407,click
58,443,click
58,603,view
58,354,view
59,376,click
59,820,click
59,89,view
59,654,view
59,203,view
59,821,click
59,739,click
59,955,view
59,334,like
59,222,view
59,41,complete
59,708,view
59,68,click
59,988,view
59,776,like
59,514,view
59,873,view
59,637,view
59,622,view
59,598,view
59,937,complete
59,632,view
59,127,save
59,255,click
59,695,click
59,16,view
59,477,view
59,62,save
59,881,complete
59,432,view
59,670,view
59,268,view
59,35,dislike
59,779,view
59,576,view
59,494,like
59,562,view
60,262,view
60,730,view
60,283,click
60,648,click
60,467,like
60,380,view
60,362,save
60,449,save
60,441,view
60,93,view
60,621,view
60,753,view
60,867,view
60,424,view
60,142,view
60,291,save
61,856,click
61,789,like
61,819,click
61,571,view
61,935,click
61,183,view
61,41,click
61,551,complete
61,397,click
61,704,like
61,779,view
61,494,click
61,659,save
61,907,view
61,333,like
61,127,view
61,558,click
61,557,save
61,1,click
61,168,view
61,620,click
62,113,view
62,737,view
62,332,click
62,378,click
62,755,click
62,655,save
62,41,dislike
62,935,save
62,770,click
62,959,click
62,797,view
62,105,view
62,202,view
62,450,like
62,819,save
62,843,view
62,973,view
62,266,save
62,910,view
62,210,view
62,563,like
62,118,view
62,713,view
62,377,click
63,188,view
63,364,view
63,866,click
63,800,click
63,451,view
63,195,view
63,156,view
63,172,view
63,847,click
63,41,click
63,63,view
63,23,view
63,360,dislike
63,75,view
63,560,click
63,672,view
63,825,view
63,118,view
63,612,click
63,380,complete
63,929,view
63,920,view
63,679,view
63,290,view
63,440,view
63,668,view
63,933,save
63,7,view
63,196,view
63,421,like
63,568,view
63,833,complete
63,193,view
63,559,like
64,786,view
64,201,view
64,369,view
64,797,click
64,77,view
64,59,click
64,431,click
64,638,save
65,947,view
65,899,view
65,554,dislike
65,354,like
65,416,click
65,109,click
65,563,click
65,762,view
65,497,view
65,341,view
65,942,view
65,383,click
65,533,view
65,300,complete
65,139,like
65,359,click
65,836,click
65,499,like
65,385,view
65,604,save
65,959,view
65,280,save
65,637,view
65,483,like
65,909,complete
65,111,view
65,866,view
66,582,view
66,695,click
66,762,view
66,228,view
66,102,view
66,587,view
66,417,view
66,958,complete
66,216,view
66,407,click
66,399,save
66,923,like
66,715,view
66,704,like
66,761,click
66,499,click
66,754,click
66,465,save
66,691,view
66,949,click
66,974,click
66,731,save
66,82,dislike
66,604,view
66,947,dislike
66,687,view
66,751,view
66,772,view
66,903,view
66,365,click
66,163,view
66,48,view
66,511,complete
66,329,save
66,840,save
66,116,like
67,194,view
67,703,click
67,104,click
67,535,view
67,265,like
67,802,view
67,942,view
67,974,view
67,384,view
67,260,view
67,414,click
67,991,save
67,358,click
67,75,view
67,355,view
67,584,view
67,771,view
67,910,save
67,188,view
67,973,click
67,685,like
67,992,view
67,290,save
67,45,click
67,573,click
67,83,click
67,123,view
67,358,view
67,528,view
67,66,view
67,936,click
67,657,view
67,375,like
67,162,click
67,746,view
67,380,view
67,656,like
67,358,save
67,188,click
68,561,view
68,591,view
68,441,click
68,991,view
68,241,view
68,861,view
68,154,view
68,786,save
68,96,view
68,726,save
68,294,like
68,209,view
68,343,like
68,88,view
68,818,complete
68,776,view
69,218,view
69,925,click
69,929,dislike
69,828,view
69,987,view
69,729,view
69,632,like
69,951,view
69,906,view
69,175,click
69,23,save
69,725,view
69,917,like
69,235,view
69,13,click
69,101,view
69,929,click
69,536,view
69,876,like
69,523,click
69,785,click
69,452,save
69,431,save
69,793,view
69,606,view
69,713,complete
69,533,view
70,28,view
70,326,like
70,940,view
70,149,view
70,540,view
70,488,view
70,822,click
71,558,view
71,525,click
71,677,click
71,102,view
71,792,view
71,770,complete
71,982,click
71,849,click
71,868,view
71,398,save
71,138,save
71,675,click
71,921,complete
71,387,view
72,745,view
72,674,view
72,421,view
72,134,like
72,391,click
72,992,complete
72,736,click
72,501,view
72,665,view
72,33,click
72,55,click
72,954,dislike
72,519,view
72,756,click
72,825,click
72,638,click
72,12,click
72,528,save
72,720,view
72,555,click
72,373,click
72,484,like
72,973,save
72,647,view
72,228,view
72,623,dislike
72,307,click
72,457,like
72,160,view
72,331,click
72,776,save
72,225,complete
72,983,view
72,729,click
73,489,view
73,686,click
73,242,like
73,794,view
73,753,like
73,882,click
73,5,view
73,596,dislike
73,820,click
73,361,view
73,459,click
73,248,view
73,566,click
73,673,view
73,946,view
73,422,complete
73,923,click
73,738,view
73,15,view
73,736,like
73,573,view
73,122,view
73,277,view
73,558,view
73,453,save
73,390,click
73,294,view
73,574,click
73,598,view
73,446,complete
73,210,complete
73,590,view
73,714,like
73,302,save
73,909,view
74,833,view
74,427,view
74,39,view
74,593,click
74,187,view
74,596,view
74,600,view
74,754,like
74,854,dislike
74,93,view
74,86,save
74,44,view
74,137,view
74,421,save
74,74,like
74,548,complete
74,613,click
74,988,view
74,512,save
74,156,view
74,938,click
74,255,view
74,171,click
74,981,view
74,728,view
74,170,like
74,764,view
74,872,click
74,322,view
74,567,view
74,456,view
74,944,view
74,603,like
74,790,view
75,580,view
75,709,click
75,256,view
75,651,click
75,824,view
75,947,view
75,661,like
75,99,view
75,588,view
75,282,save
75,883,view
75,403,click
75,109,save
75,700,view
75,199,save
75,303,click
75,327,view
75,154,view
75,552,view
75,645,complete
75,405,view
75,462,click
75,132,click
75,791,click
75,874,view
75,84,view
75,399,click
75,754,view
75,628,view
75,109,view
75,221,view
75,904,like
75,553,view
76,988,save
76,844,click
76,38,like
76,511,save
76,420,view
76,751,view
76,169,view
76,965,view
77,504,click
77,22,view
77,213,view
77,310,complete
77,661,click
77,968,view
77,753,click
77,272,save
77,571,click
77,799,view
77,938,complete
77,202,view
77,32,view
77,443,view
77,162,view
77,767,save
77,254,view
77,521,view
77,977,like
77,651,view
78,763,click
78,681,complete
78,477,view
78,73,view
78,141,click
78,582,save
78,262,click
78,340,complete
78,308,view
78,245,click
78,515,click
78,337,like
78,575,view
78,561,save
78,76,click
78,880,view
78,175,view
78,109,like
78,183,view
78,192,view
78,65,view
78,849,like
78,963,click
78,474,save
78,783,view
78,100,click
78,544,click
78,864,save
78,128,like
78,452,view
78,914,click
78,369,view
78,851,click
78,43,view
78,884,view
78,419,view
78,488,click
78,78,view
79,846,view
79,69,view
79,118,view
79,888,view
79,59,dislike
79,33,view
79,318,click
79,50,view
79,880,complete
79,489,view
79,19,view
79,726,click
79,197,click
79,891,view
79,450,view
79,990,view
79,559,view
79,679,view
79,452,view
79,289,view
79,141,view
79,84,click
79,694,complete
79,391,click
79,591,view
79,215,view
79,526,complete
79,215,view
79,403,view
79,128,click
79,822,click
79,477,click
80,309,save
80,802,click
80,918,view
80,835,view
80,134,click
80,719,view
80,283,complete
80,778,click
80,73,complete
80,481,view
80,352,click
80,560,click
80,326,click
80,745,view
80,443,click
80,100,view
80,59,click
80,508,view
80,258,like
80,413,view
80,452,save
80,65,like
80,595,save
80,154,click
80,985,view
80,266,dislike
80,821,view
80,79,click
80,315,click
80,662,click
80,947,view
80,560,click
80,917,save
80,891,view
81,366,view
81,69,save
81,299,view
81,944,view
81,802,save
81,296,view
81,203,like
81,61,like
81,946,like
81,963,view
81,830,save
81,314,view
81,161,like
81,331,click
81,528,save
81,338,view
81,606,click
81,304,view
81,503,save
81,650,view
81,338,click
81,550,save
81,639,click
81,275,view
81,164,click
81,443,view
81,319,view
81,589,view
81,504,view
81,686,view
81,387,click
81,970,view
81,870,view
81,833,like
81,888,view
81,603,click
81,750,save
82,21,complete
82,242,view
82,455,view
82,963,click
82,621,complete
82,303,like
82,596,view
82,595,view
82,803,click
82,964,click
82,69,view
82,129,like
82,196,click
82,140,save
82,444,like
82,283,click
82,312,view
82,746,click
82,535,view
82,665,click
82,277,view
82,61,click
82,319,view
82,890,view
82,52,view
82,856,view
82,153,click
82,749,click
82,311,click
82,814,view
82,544,view
82,567,view
83,938,click
83,499,view
83,974,click
83,634,view
83,650,like
83,115,click
83,932,click
83,674,view
83,713,click
83,234,view
83,540,view
83,11,view
83,206,click
83,679,view
83,247,view
83,559,like
83,758,view
83,127,click
83,147,view
83,118,view
83,911,save
83,382,view
83,412,view
83,664,click
83,584,click
83,363,click
83,509,view
83,137,view
83,175,click
83,289,click
83,958,save
83,481,save
83,19,save
83,195,view
83,330,view
83,936,save
84,413,view
84,339,view
84,659,view
84,962,view
84,937,click
84,429,save
84,783,click
84,899,dislike
84,139,view
84,693,click
84,942,dislike
84,542,view
84,57,complete
84,232,view
84,658,view
84,435,view
84,384,click
84,560,click
85,507,view
85,572,view
85,884,click
85,843,view
85,122,view
85,479,save
85,619,save
85,96,click
86,932,like
86,136,save
86,201,click
86,250,click
86,314,like
86,869,click
86,368,click
86,429,view
86,830,view
86,807,click
86,480,view
86,314,view
86,500,view
86,721,view
86,355,view
86,485,view
86,211,like
86,704,click
86,44,view
86,541,view
86,571,click
86,583,view
86,92,save
86,265,click
86,895,save
86,220,view
86,902,click
86,925,view
86,442,complete
87,61,view
87,129,view
87,990,like
87,685,save
87,992,click
87,156,like
87,917,save
87,378,view
87,622,view
87,781,click
87,923,click
87,868,view
87,903,click
87,790,view
87,586,click
87,437,save
87,975,click
87,207,complete
87,388,save
87,480,like
87,791,complete
87,887,save
87,838,click
87,984,view
87,340,view
87,869,click
87,340,view
87,204,view
87,161,complete
87,540,like
87,392,save
87,769,view
87,677,view
87,575,view
88,598,like
88,166,like
88,415,view
88,462,click
88,920,view
88,114,dislike
88,433,dislike
88,992,click
88,356,save
88,928,click
88,695,click
88,207,view
88,768,view
88,235,click
88,442,click
88,355,view
88,515,complete
88,208,view
88,709,click
88,853,click
88,125,click
88,138,click
88,339,view
88,537,view
88,68,click
88,573,click
88,541,view
88,383,click
88,19,view
88,683,click
88,450,save
88,74,view
88,573,view
88,939,save
88,665,click
88,276,click
88,48,save
88,211,save
88,855,complete
89,156,click
89,184,view
89,90,like
89,94,click
89,13,click
89,973,view
89,834,view
90,29,click
90,296,click
90,986,complete
90,926,click
90,721,view
90,640,save
90,340,like
90,628,view
90,439,view
90,144,view
90,942,click
90,830,click
91,207,click
91,607,like
91,885,view
91,734,click
91,366,save
91,276,view
91,380,view
91,743,view
91,309,view
91,631,complete
91,268,view
91,945,view
92,899,view
92,805,complete
92,638,view
92,808,like
92,584,save
92,296,view
92,236,dislike
92,56,view
92,919,view
92,360,save
92,907,click
92,110,click
92,192,view
92,904,view
92,93,save
92,862,view
92,568,view
92,60,view
92,650,view
92,39,like
92,540,view
92,49,dislike
92,420,view
92,637,click
93,777,like
93,790,view
93,909,view
93,89,view
93,688,save
93,530,view
93,371,view
93,972,complete
93,936,view
93,913,click
93,399,click
93,106,view
93,271,click
93,975,view
93,831,click
93,503,view
93,679,click
93,525,view
93,849,click
93,32,view
93,393,view
93,40,view
93,660,view
93,218,save
93,731,view
93,981,like
93,82,complete
93,845,click
93,720,view
93,201,view
93,447,save
93,844,view
93,428,view
93,38,click
93,211,save
93,444,save
93,327,view
93,761,click
94,766,view
94,725,like
94,762,view
94,596,view
94,487,save
94,383,view
94,406,view
94,388,view
94,525,click
94,557,dislike
94,639,save
94,938,view
94,626,save
94,945,view
94,276,view
94,500,view
94,717,view
94,337,click
94,950,click
94,932,like
94,481,click
94,897,click
94,911,view
94,973,view
94,273,click
94,920,view
94,58,save
94,328,view
94,731,view
94,109,view
94,279,view
94,686,view
94,328,click
94,776,view
94,315,click
95,667,click
95,190,view
95,268,click
95,321,like
95,107,save
95,232,like
95,42,view
95,702,view
95,883,click
95,139,view
95,615,view
95,683,view
96,856,save
96,817,complete
96,149,like
96,115,click
96,450,view
96,63,view
96,104,complete
96,851,view
96,871,click
96,668,click
96,273,click
96,6,dislike
96,147,view
96,184,view
96,28,view
97,897,view
97,938,click
97,210,save
97,816,save
97,808,click
97,609,like
97,447,save
97,460,save
97,968,view
97,472,view
97,720,view
97,370,click
97,900,view
97,934,view
97,492,like
97,923,like
97,137,like
97,367,view
97,912,click
97,184,view
97,588,view
97,287,view
97,472,view
97,375,view
97,654,save
97,749,view
97,537,click
97,511,click
97,802,view
97,579,view
97,250,view
97,920,click
98,789,save
98,984,save
98,889,view
98,890,click
98,901,view
98,70,view
98,625,dislike
98,875,view
98,112,view
98,364,click
98,303,click
98,471,view
98,964,click
98,91,click
98,530,view
98,661,view
98,988,click
98,739,view
98,726,complete
98,872,save
98,663,dislike
98,192,view
98,963,complete
98,552,view
98,242,view
98,138,view
98,345,view
98,180,click
98,712,view
99,833,like
99,761,click
99,191,view
99,490,like
99,694,save
100,529,view
100,602,view
100,653,complete
100,657,view
100,166,complete
100,849,click
100,496,click
100,590,view
100,429,view
100,774,view
100,163,view
100,366,click
100,526,complete
100,239,click
100,72,click
100,445,view
100,655,view
100,822,view
100,509,click
100,795,complete
100,269,click
101,419,view
101,915,click
101,916,click
101,612,view
101,675,view
101,928,view
101,122,view
101,432,save
101,44,view
101,872,view
101,920,view
101,317,like
101,381,click
101,145,view
101,327,click
101,363,click
101,50,complete
101,65,view
101,355,like
101,800,complete
101,164,like
102,798,view
102,458,view
102,230,save
102,658,click
102,882,view
102,197,view
102,885,click
102,733,view
102,423,like
102,572,view
102,610,like
102,171,click
102,382,save
102,173,click
102,663,click
102,453,view
102,350,view
102,902,view
102,952,like
102,634,save
103,534,save
103,193,click
103,980,click
103,150,view
103,880,save
103,759,view
103,779,view
103,973,view
103,763,view
103,515,view
103,393,save
103,316,complete
103,76,view
103,599,view
103,270,view
103,225,view
103,530,view
103,113,like
103,251,view
103,233,view
103,841,view
103,791,like
103,714,click
103,83,complete
103,125,save
103,175,view
103,69,view
103,47,click
103,884,view
103,256,click
103,727,view
103,30,view
103,281,click
103,924,click
103,237,save
103,248,view
103,368,click
103,495,view
103,25,view
104,766,click
104,555,view
104,17,view
104,63,view
104,253,click
104,465,like
104,376,save
104,804,click
104,981,view
104,520,click
104,837,click
104,90,view
104,720,view
104,804,view
104,796,like
104,630,click
104,861,click
105,918,view
105,224,view
105,784,click
105,146,view
105,965,click
105,950,view
106,692,click
106,948,view
106,367,view
106,932,dislike
106,841,view
106,743,dislike
106,915,complete
106,550,save
106,582,click
106,116,click
106,239,like
106,335,view
106,441,view
106,148,click
106,9,view
106,288,view
106,388,view
106,50,click
106,850,like
106,517,view
106,916,complete
106,855,click
106,638,save
106,587,click
106,677,save
106,278,view
107,607,view
107,721,view
107,225,complete
107,971,click
107,348,save
107,992,view
107,321,click
107,559,click
107,988,click
107,181,click
107,618,click
107,711,view
107,386,view
107,618,save
107,792,view
107,772,click
108,845,view
108,361,click
108,374,view
108,554,view
108,303,click
108,421,complete
108,246,view
108,720,like
108,237,click
108,534,click
108,185,click
108,468,view
108,754,view
108,363,click
108,283,view
108,553,like
108,336,view
108,162,view
108,160,click
108,474,view
108,601,click
108,322,click
108,12,like
108,424,save
108,73,click
108,588,click
108,858,complete
108,201,view
108,522,view
108,864,view
108,505,view
108,738,click
108,688,click
108,788,click
108,39,view
108,60,click
108,578,view
109,142,view
109,317,click
109,711,view
109,558,view
109,800,save
109,527,like
109,556,save
109,401,like
109,681,click
109,310,save
109,495,view
109,556,click
109,610,dislike
109,773,view
109,109,view
109,795,view
109,372,view
109,855,view
109,616,save
109,768,complete
109,891,view
109,206,view
109,847,view
109,43,like
109,865,view
109,245,view
109,287,view
110,849,click
110,706,click
110,925,view
110,852,click
110,326,click
111,212,view
111,621,view
111,276,click
111,73,save
111,679,view
111,772,view
111,243,complete
111,787,view
111,102,view
111,987,click
111,685,click
111,171,view
111,653,view
111,909,view
111,188,click
111,441,click
112,779,complete
112,666,click
112,42,view
112,411,like
112,523,view
112,806,like
112,610,dislike
112,427,click
112,275,save
112,448,view
112,902,complete
112,942,click
112,884,click
112,742,like
112,369,complete
112,938,save
112,220,view
112,577,complete
113,75,complete
113,480,view
113,305,view
113,7,click
113,366,complete
113,634,view
113,523,view
113,348,view
114,334,click
114,547,click
114,798,view
114,348,view
114,273,view
114,963,view
114,720,click
114,750,view
114,414,view
114,500,view
114,93,view
114,685,click
114,79,view
114,622,like
114,217,view
114,947,view
114,358,click
114,618,view
115,427,like
115,502,click
115,730,view
115,260,save
115,513,click
115,71,view
115,478,click
115,178,like
116,156,view
116,508,save
116,413,like
116,528,view
116,355,view
116,559,view
116,763,click
116,187,view
116,31,dislike
116,260,view
116,421,view
116,529,click
116,551,save
116,304,view
116,942,view
116,986,dislike
116,944,view
116,39,like
116,489,view
116,644,save
116,542,click
116,670,view
117,844,view
117,759,save
117,541,save
117,161,click
117,747,view
117,702,save
117,117,click
117,271,save
117,770,click
117,692,save
117,487,click
117,885,view
117,172,complete
117,950,click
117,274,click
117,259,view
117,135,click
117,683,click
117,722,view
117,748,view
117,422,click
117,421,save
117,186,click
117,929,view
117,364,click
118,967,view
118,925,save
118,123,view
118,879,click
118,387,view
118,339,view
118,778,click
118,348,click
118,29,like
118,975,click
118,35,complete
118,518,view
118,396,view
118,623,view
118,294,view
118,589,click
118,349,click
118,147,view
118,67,complete
119,952,view
119,369,view
119,985,dislike
119,306,click
119,12,complete
119,345,view
119,465,view
119,700,click
119,666,view
119,494,view
119,368,click
119,846,click
120,672,click
120,111,view
120,137,like
120,232,view
120,992,view
120,468,view
120,732,save
120,481,dislike
120,68,view
120,814,like
120,249,save
120,323,view
120,922,view
120,904,view
120,518,complete
120,976,view
120,792,save
120,432,view
120,487,click
120,606,view
120,429,click
120,269,save
120,709,save
120,537,like
120,148,view
120,118,click
120,850,view
120,367,view
120,850,click
120,66,view
120,970,click
121,528,view
121,540,click
121,419,click
121,444,view
121,685,view
121,558,click
121,840,click
121,236,view
121,439,click
121,214,view
121,85,view
121,794,save
121,744,click
121,85,view
121,921,click
121,489,click
121,65,save
121,646,click
121,663,click
121,627,view
121,64,view
121,343,view
121,939,view
121,875,click
121,919,click
121,352,view
122,331,view
122,249,view
122,550,view
122,902,click
122,941,click
122,75,view
122,654,click
122,834,like
122,168,view
122,771,view
123,345,click
123,912,click
123,738,view
123,221,view
123,915,click
123,919,view
123,723,like
123,25,view
123,528,view
123,182,view
123,499,view
123,841,click
123,641,click
123,42,click
123,915,save
123,481,like
123,930,save
123,848,view
123,748,click
123,872,view
123,439,view
123,402,click
123,546,view
123,345,view
123,893,view
123,45,view
123,646,like
123,21,view
123,634,view
123,70,view
123,864,view
123,873,like
123,48,view
123,491,click
123,551,click
123,287,complete
123,10,click
123,542,save
124,151,view
124,669,view
124,206,click
124,986,click
124,179,view
124,197,view
124,735,view
124,89,view
124,799,save
124,434,like
124,788,view
124,748,save
124,183,like
124,209,save
124,493,view
124,130,complete
124,665,view
124,13,view
124,634,view
124,871,view
124,732,view
124,106,view
124,375,view
124,582,save
124,707,like
125,7,click
125,155,click
125,522,view
125,546,view
125,548,save
125,921,like
125,518,view
125,920,complete
125,914,view
125,215,click
125,134,save
125,285,save
125,126,complete
125,921,view
125,439,like
125,849,view
125,686,click
126,312,view
126,708,view
126,35,view
126,379,save
126,387,click
126,758,click
126,237,view
126,616,click
126,519,view
126,283,view
126,1,save
126,731,dislike
127,372,click
127,687,like
127,446,view
127,611,view
127,116,view
127,270,click
127,447,view
128,79,view
128,582,view
128,27,click
128,271,complete
128,562,view
128,804,view
128,247,view
128,776,click
128,591,view
128,387,like
128,702,click
128,559,click
128,973,view
128,361,dislike
128,866,view
128,984,view
128,488,click
128,352,click
128,701,view
129,445,view
129,757,view
129,22,view
129,291,click
129,485,view
129,784,like
129,306,view
129,634,click
129,128,click
129,625,view
129,939,save
129,273,save
129,848,click
129,442,like
129,503,click
129,130,view
129,132,click
129,597,view
129,935,view
129,482,view
129,862,click
129,390,click
129,593,view
129,985,click
129,325,like
130,802,save
130,599,click
130,882,view
130,874,click
130,472,view
130,56,save
130,625,view
130,13,click
130,440,view
130,18,save
130,694,like
130,973,view
130,113,like
130,229,view
130,171,click
130,295,like
130,189,view
130,426,complete
130,977,view
130,79,view
131,984,like
131,411,view
131,934,view
131,840,view
131,65,complete
131,694,view
131,241,view
131,369,view
131,536,view
131,384,view
131,431,save
131,967,view
131,83,click
131,982,view
131,831,view
131,697,like
131,951,view
131,828,save
131,611,click
131,574,view
131,286,complete
131,989,view
131,534,like
131,459,view
132,848,view
132,988,save
132,65,click
132,612,view
132,586,click
132,704,view
132,171,view
132,273,save
132,889,view
132,699,view
132,535,complete
132,391,view
132,940,view
132,693,complete
132,327,click
132,108,click
132,847,like
132,162,view
132,814,click
132,452,click
132,206,save
132,590,click
132,16,click
132,327,view
132,608,view
132,659,save
132,2,click
132,10,click
132,434,view
132,125,click
133,515,click
133,314,like
133,32,click
133,287,save
133,594,click
133,43,click
133,903,view
133,617,view
133,1,complete
133,573,click
133,270,click
134,56,view
134,720,like
134,553,view
134,32,click
134,527,view
134,574,click
134,667,view
134,284,view
134,721,click
134,832,view
134,494,view
134,187,view
134,498,view
134,442,view
134,130,view
134,639,like
135,352,like
135,889,view
135,318,complete
135,984,view
135,649,click
135,836,click
136,152,view
136,586,view
136,877,click
136,913,view
136,274,click
136,554,save
136,496,view
136,724,like
136,101,click
136,557,view
136,82,view
136,529,view
136,73,click
136,14,save
136,433,save
136,157,dislike
136,735,save
136,132,click
136,338,view
136,404,click
136,376,view
136,888,click
136,559,view
136,107,view
136,620,view
136,265,view
136,205,click
136,79,view
136,155,click
136,783,view
136,988,click
136,247,view
136,531,view
137,199,like
137,161,click
137,538,click
137,121,view
137,301,view
137,724,view
137,575,view
137,963,view
137,436,view
137,68,complete
137,765,view
137,922,click
137,459,save
137,514,click
137,398,view
137,620,click
137,286,click
137,561,click
138,512,complete
138,612,click
138,78,view
138,784,view
138,339,view
138,674,save
139,373,view
139,51,click
139,71,like
139,480,click
139,560,view
139,19,complete
139,774,click
139,84,complete
139,155,click
139,565,view
139,619,view
139,357,click
139,816,view
139,647,view
139,443,click
139,69,click
139,523,click
139,143,view
139,192,view
139,387,click
139,378,complete
139,581,click
139,535,like
139,693,save
139,293,click
139,9,view
139,271,click
139,387,click
139,93,click
139,966,view
139,529,click
139,154,view
139,405,click
139,840,view
140,112,click
140,8,save
140,804,like
140,477,view
140,874,like
140,460,view
140,253,view
140,526,click
140,752,view
140,438,view
140,754,click
140,981,view
140,854,view
140,661,view
140,236,view
140,306,view
140,478,save
140,679,save
140,20,view
140,216,save
140,855,view
140,135,view
140,905,save
140,129,view
141,25,view
141,843,view
141,791,view
141,738,view
141,57,save
141,180,complete
141,232,complete
141,894,like
141,343,click
141,477,click
141,799,view
141,576,click
141,455,view
141,232,view
141,289,save
141,213,view
141,258,view
141,530,like
141,687,view
141,929,view
141,229,like
141,226,click
141,596,click
141,803,view
141,435,view
141,882,like
141,758,click
141,402,click
141,622,view
141,766,view
142,594,view
142,589,click
142,485,view
142,982,view
142,972,click
142,258,view
142,639,view
142,903,view
142,282,click
142,986,complete
142,88,dislike
142,204,view
142,16,view
142,151,view
142,936,save
142,254,view
142,188,complete
142,329,view
142,544,dislike
142,783,save
142,397,save
142,517,view
142,459,view
142,330,view
142,820,view
142,845,view
142,169,click
142,693,view
142,366,click
142,178,click
142,655,view
142,362,complete
143,845,complete
143,615,view
143,618,save
143,365,view
143,368,like
143,570,view
143,590,complete
143,75,view
143,42,view
143,422,save
143,836,view
143,181,click
143,545,view
143,71,click
143,568,view
143,105,view
143,200,view
143,101,view
143,768,view
143,307,view
143,586,view
143,683,view
143,377,click
143,655,like
143,678,view
143,399,click
143,773,click
143,221,view
143,595,click
143,182,view
143,307,click
143,522,view
143,396,click
143,4,click
143,863,view
143,914,view
143,848,complete
143,804,view
144,951,view
144,728,save
144,689,view
144,380,view
144,474,click
144,80,save
144,697,click
144,367,click
144,461,view
144,911,click
144,539,click
144,452,complete
144,464,view
144,960,view
144,478,view
144,926,view
144,420,save
144,707,view
144,214,view
144,369,view
144,854,view
144,114,view
144,754,view
144,503,view
144,636,click
144,817,click
144,588,view
144,311,complete
144,469,click
144,824,save
144,708,view
144,863,view
144,44,view
144,415,view
144,698,view
144,855,complete
144,246,view
144,949,view
145,653,complete
145,846,save
145,609,click
145,446,click
145,221,save
145,555,view
145,945,view
145,804,click
145,378,view
145,620,view
145,266,view
145,95,view
145,262,like
145,825,view
145,897,click
145,71,view
145,954,view
145,219,view
145,533,save
145,92,click
145,127,complete
145,80,click
145,824,click
145,238,click
145,983,complete
145,372,save
145,916,view
145,486,click
145,694,click
145,25,click
145,156,view
145,517,like
145,632,complete
145,789,view
145,530,like
145,943,view
145,710,view
146,709,view
146,670,view
146,204,view
146,196,click
146,728,save
146,285,view
146,969,click
146,196,view
146,307,save
146,664,view
146,14,view
146,837,view
146,146,view
146,938,click
146,57,save
146,723,view
146,780,click
146,210,click
146,529,like
146,798,view
146,344,view
146,715,like
146,611,click
146,279,view
146,209,view
146,641,view
146,335,click
146,288,click
146,252,view
147,594,complete
147,389,view
147,398,view
147,732,click
147,158,dislike
147,4,view
147,167,click
147,468,click
147,960,click
147,409,view
147,412,click
147,204,view
147,194,click
147,235,click
147,718,view
147,150,save
147,159,view
147,279,save
147,816,view
147,404,view
147,893,view
147,678,complete
147,311,view
147,68,view
147,463,view
147,88,click
147,217,click
147,1,view
147,135,view
147,697,view
147,351,view
147,140,view
147,618,click
147,133,view
147,620,view
147,178,view
147,810,complete
147,358,complete
147,380,save
148,479,like
148,56,view
148,620,view
148,473,click
148,296,click
148,461,view
148,324,view
148,814,view
148,846,click
148,141,view
148,667,view
148,262,click
148,785,click
148,420,view
148,744,click
148,241,click
148,355,view
148,849,view
148,770,view
148,761,view
148,589,like
148,180,view
148,66,click
148,820,view
148,348,view
148,171,click
148,474,view
148,534,view
148,367,view
148,107,view
148,439,click
148,835,view
148,227,like
148,444,click
148,442,view
148,396,view
148,728,view
148,581,save
148,84,view
149,786,click
149,166,view
149,374,click
149,373,save
149,805,view
149,478,view
149,755,view
149,479,like
149,832,click
150,827,view
150,837,view
150,375,complete
150,92,click
150,181,save
150,743,click
150,301,view
150,660,click
150,792,view
150,189,click
150,859,view
150,862,dislike
150,314,view
150,493,view
150,923,complete
150,922,view
150,128,click
150,519,click
150,426,save
150,559,complete
151,603,click
151,164,view
151,971,click
151,111,dislike
151,338,like
151,123,view
152,703,view
152,51,view
152,898,view
152,210,view
152,126,like
152,492,click
152,509,view
153,49,like
153,495,like
153,838,view
153,689,view
153,387,view
153,970,click
153,389,save
153,218,view
153,701,view
153,981,save
153,346,like
153,230,view
153,255,click
153,236,view
153,26,view
153,584,like
153,261,save
153,766,save
153,271,view
153,123,save
153,656,view
153,257,view
153,656,click
153,421,view
153,259,save
154,502,click
154,592,click
154,804,click
154,84,click
154,365,view
154,886,view
154,549,view
154,342,view
154,839,click
154,407,like
154,425,complete
154,744,click
154,93,view
154,848,view
154,614,save
154,412,click
154,432,click
154,678,save
154,159,click
154,14,save
154,373,view
154,225,click
154,505,like
154,73,view
154,249,click
154,511,view
154,603,complete
154,216,view
154,973,click
154,602,view
154,541,click
154,947,view
154,817,view
155,845,view
155,449,dislike
155,536,like
155,511,view
155,458,save
155,547,view
155,536,view
155,540,like
155,484,view
155,976,complete
155,16,view
155,571,click
155,977,view
155,243,click
155,950,click
155,207,view
155,912,click
155,271,view
155,761,view
155,779,save
155,705,view
155,847,click
155,730,click
155,115,click
155,580,view
155,299,view
155,837,view
155,483,click
155,397,save
155,394,click
156,292,click
156,692,click
156,181,click
156,466,click
156,434,view
156,464,view
156,681,view
156,914,like
157,243,view
157,73,save
157,479,complete
157,974,complete
157,561,view
157,101,like
157,514,click
157,756,view
157,176,view
157,238,view
157,910,like
157,59,click
157,865,click
157,99,view
157,954,click
157,871,view
157,954,view
157,495,click
157,947,view
157,980,save
157,514,view
157,755,click
157,297,view
157,211,click
157,123,view
157,229,view
157,594,like
157,656,view
157,388,save
157,140,dislike
157,541,view
157,391,view
157,270,click
157,759,complete
157,12,like
158,236,view
158,901,view
158,374,view
158,581,click
158,927,like
158,557,view
158,649,save
158,234,view
158,32,click
158,289,click
158,638,view
158,579,view
158,542,click
158,114,view
158,204,view
158,29,click
158,643,dislike
158,474,view
158,697,save
158,253,view
158,798,save
158,905,click
158,922,like
158,386,view
158,62,click
158,515,click
158,430,view
158,580,view
158,537,view
158,691,view
158,141,like
158,743,view
158,300,view
158,675,click
158,311,view
158,471,click
158,393,view
158,642,complete
159,488,view
159,281,like
159,275,view
159,773,dislike
159,843,view
159,719,view
159,896,view
159,328,view
159,211,view
159,727,click
159,923,click
159,552,click
159,992,view
159,26,click
159,27,view
159,702,click
159,83,view
159,896,like
159,946,click
159,682,click
159,413,view
159,167,view
159,700,view
159,169,like
160,658,like
160,923,view
160,425,view
160,72,view
160,988,view
160,842,view
160,785,like
160,759,complete
160,446,complete
160,925,view
160,186,view
160,70,view
160,974,like
160,150,view
160,246,click
160,774,click
160,538,view
160,935,view
160,652,complete
160,99,complete
160,910,view
160,278,view
160,563,complete
160,663,view
160,944,view
160,455,view
160,104,click
160,946,view
161,944,complete
161,24,view
161,99,view
161,406,view
161,356,click
161,139,save
161,503,view
161,826,view
161,174,save
161,29,click
161,931,view
161,496,click
161,655,view
161,828,view
161,351,save
161,554,save
161,299,view
161,720,complete
161,842,view
161,945,save
162,429,dislike
162,17,click
162,639,click
162,379,view
162,680,click
162,506,view
162,756,view
162,899,click
162,76,view
162,231,complete
162,716,like
162,962,click
162,248,save
162,302,click
162,726,view
162,215,save
162,158,view
162,69,view
162,393,save
162,85,click
162,267,like
162,69,view
162,611,click
162,347,view
162,962,click
162,728,save
162,927,click
162,673,view
162,423,view
162,606,view
162,174,click
162,677,complete
163,472,save
163,104,view
163,758,view
163,161,view
163,200,complete
163,216,like
163,946,save
163,212,view
163,508,view
164,384,click
164,690,save
164,589,view
164,700,click
164,507,save
164,992,complete
164,527,click
164,804,complete
164,831,click
164,325,view
164,214,save
164,208,view
164,169,view
164,330,view
164,280,save
164,978,save
164,305,view
164,146,view
164,775,view
164,516,click
164,90,view
164,453,save
164,60,view
164,311,view
164,528,view
164,227,view
164,474,complete
165,400,click
165,218,view
165,445,view
165,765,view
165,222,click
165,383,complete
165,881,like
165,592,click
165,7,view
165,272,save
165,739,click
165,16,view
165,424,save
165,524,view
165,803,view
165,753,view
165,21,view
165,690,click
165,939,view
165,228,view
165,785,view
165,288,click
165,809,click
165,134,view
165,984,view
165,283,view
165,404,like
165,665,view
165,66,view
165,649,view
165,604,click
166,467,view
166,926,click
166,53,click
166,860,click
166,867,view
166,235,save
166,959,click
166,779,view
166,799,dislike
166,433,click
166,496,view
166,100,save
166,990,view
166,599,view
166,403,view
166,396,dislike
166,527,view
166,415,click
166,939,view
166,613,click
166,677,click
166,463,click
166,541,view
166,626,click
166,619,dislike
166,922,click
167,700,save
167,372,click
167,480,click
167,818,click
167,151,view
167,141,view
167,69,view
167,260,click
167,988,view
167,846,view
167,968,complete
167,521,view
167,633,save
167,371,save
167,419,view
167,101,view
167,661,view
167,954,click
167,658,click
167,865,save
167,968,complete
167,243,click
167,753,view
167,512,view
167,849,save
168,380,click
168,711,click
168,919,view
168,981,save
168,674,view
168,907,view
168,470,save
168,746,view
168,675,view
168,116,view
168,605,complete
168,42,view
168,796,view
168,379,click
168,722,view
168,206,view
168,466,click
168,732,view
168,280,complete
168,648,view
168,618,view
168,118,view
168,237,view
168,309,click
168,456,view
168,900,view
168,475,click
168,100,click
168,261,view
168,305,view
168,354,view
168,286,view
169,620,view
169,793,view
169,403,like
169,39,view
169,119,complete
169,335,save
169,336,click
169,539,dislike
169,616,view
169,74,view
169,191,click
169,324,view
169,147,like
169,767,view
169,284,click
169,213,click
169,635,click
169,718,view
170,623,click
170,6,click
170,236,view
170,127,view
170,104,click
170,749,view
170,915,click
170,480,view
170,155,click
170,257,click
170,235,view
170,500,view
170,289,click
170,510,save
170,552,like
170,800,view
170,709,click
170,785,view
170,894,view
170,776,view
170,569,click
170,298,view
170,610,view
170,137,click
170,376,click
170,87,view
170,419,view
170,754,view
170,199,view
170,463,click
170,437,view
170,310,click
170,596,like
170,754,view
170,281,complete
170,323,view
170,764,view
171,718,click
171,824,view
171,360,click
171,385,like
171,56,complete
171,118,click
171,900,view
171,253,complete
171,798,click
171,780,view
171,803,view
171,845,view
171,180,view
171,415,view
171,870,click
171,235,view
171,855,view
171,708,click
171,820,save
171,80,click
171,647,view
171,22,complete
171,477,like
171,843,view
171,440,view
171,737,click
171,570,save
171,93,complete
171,192,like
171,103,click
172,299,like
172,857,click
172,371,like
172,99,view
172,47,like
172,839,view
172,422,like
172,480,view
172,579,view
172,62,click
172,109,complete
172,679,view
172,549,view
172,119,like
172,598,view
172,382,view
172,392,view
172,977,view
172,52,like
172,603,save
172,289,click
172,337,dislike
172,810,view
172,204,view
172,880,view
172,238,view
172,382,view
172,667,complete
172,752,save
172,136,view
172,407,click
172,508,click
173,696,click
173,633,click
173,844,view
173,501,click
173,604,view
173,582,view
173,916,dislike
173,133,click
173,791,view
173,649,view
173,314,click
173,699,view
173,221,view
173,976,view
174,558,complete
174,824,save
174,647,click
174,118,save
174,985,click
174,701,complete
174,643,click
174,934,like
174,212,click
174,418,view
174,113,click
174,44,view
174,128,click
174,876,view
174,158,click
174,785,view
174,827,view
174,394,view
174,867,complete
174,852,view
174,512,view
174,914,click
174,45,click
174,108,view
174,219,view
174,443,view
174,830,complete
175,311,save
175,537,save
175,903,save
175,639,click
175,234,view
175,209,save
175,605,click
175,94,dislike
175,327,view
175,225,view
175,967,view
175,890,save
175,792,view
175,11,view
175,329,dislike
175,12,view
175,35,save
175,447,view
175,452,save
175,740,click
175,220,like
175,441,like
175,653,view
175,535,view
175,595,view
175,229,click
175,935,like
175,344,view
176,324,click
176,698,click
176,326,view
176,625,save
176,825,click
176,165,view
176,573,view
176,604,save
176,798,complete
176,455,view
176,969,view
176,153,view
176,737,click
176,127,view
176,193,view
176,627,click
176,774,click
176,530,view
176,10,view
176,92,click
176,139,view
176,481,view
176,449,like
177,46,view
177,144,view
177,750,save
177,784,view
177,632,view
177,340,view
177,413,like
177,732,click
177,520,view
177,344,view
177,387,view
177,473,like
177,275,click
177,353,click
177,66,click
177,79,view
177,598,save
177,636,click
177,202,view
177,978,view
177,662,click
177,558,complete
177,113,view
177,91,like
177,141,save
178,321,view
178,390,view
178,434,click
178,22,click
178,873,save
178,600,save
178,665,complete
178,125,view
178,79,view
178,858,view
179,651,view
179,292,click
179,564,view
179,799,view
179,801,click
179,141,view
179,146,click
179,425,click
179,314,view
179,184,view
179,664,view
180,138,like
180,422,save
180,815,view
180,57,click
180,562,view
180,71,view
180,911,view
180,914,save
180,594,view
180,372,view
180,617,view
180,600,like
180,514,click
180,872,view
180,84,click
180,43,click
180,666,click
180,839,view
180,934,like
180,606,view
180,810,click
180,133,view
180,395,view
180,65,view
180,290,click
180,376,view
180,769,save
180,467,view
180,898,click
180,213,save
180,148,click
180,573,click
181,56,view
181,253,view
181,634,view
181,106,view
181,130,view
182,585,view
182,340,view
182,565,view
182,979,view
182,356,view
183,646,save
183,723,view
183,48,click
183,638,view
183,239,view
183,7,view
183,464,complete
183,453,save
183,784,view
183,897,view
183,371,complete
183,549,view
183,487,view
184,589,view
184,601,view
184,973,click
184,402,like
184,765,view
184,856,dislike
184,706,click
184,176,view
185,441,view
185,837,view
185,617,click
185,506,click
185,918,view
185,320,complete
185,553,click
185,215,click
185,71,click
185,568,click
185,919,view
185,236,view
185,281,click
185,987,save
185,617,view
185,902,click
185,887,save
185,162,view
185,191,view
186,522,view
186,106,view
186,679,view
186,978,view
186,769,click
186,807,view
186,277,view
186,65,dislike
186,783,view
186,900,view
186,188,view
186,317,click
186,916,click
186,138,view
186,343,click
186,105,save
186,546,save
186,380,complete
186,110,save
186,944,click
186,545,view
186,354,view
187,913,view
187,971,like
187,20,view
187,560,view
187,969,complete
187,130,view
187,293,view
187,897,view
187,132,click
187,356,view
187,54,click
187,890,click
187,793,click
187,387,click
187,265,click
187,982,view
187,215,save
187,460,view
187,458,click
187,802,view
187,43,like
187,586,view
187,862,view
187,278,click
187,838,click
187,754,view
187,130,click
187,350,click
187,706,dislike
187,544,click
187,106,view
187,912,view
187,716,like
187,1,save
187,757,view
188,47,view
188,525,save
188,729,view
188,834,view
188,706,view
188,144,complete
188,585,complete
188,668,view
188,589,view
188,419,view
188,681,click
188,973,view
188,799,like
188,85,complete
188,416,view
188,694,view
188,482,like
188,456,save
188,827,view
188,297,view
188,112,view
188,962,view
188,230,view
188,96,view
188,950,click
188,680,view
188,378,view
189,228,like
189,913,click
189,654,view
189,499,complete
189,521,view
189,702,view
189,862,click
189,917,click
189,972,view
189,677,view
189,992,click
189,139,click
189,276,click
189,291,view
189,53,view
189,687,view
189,110,view
189,715,complete
189,948,view
189,648,view
189,4,save
190,382,like
190,982,view
190,717,click
190,570,complete
190,713,save
190,737,view
190,142,like
190,893,view
190,368,view
190,84,like
190,143,click
190,352,view
190,545,view
190,913,view
191,798,click
191,955,click
191,332,view
191,527,view
191,850,view
191,255,like
191,604,view
191,510,save
191,791,view
191,718,like
191,606,save
191,737,view
191,813,click
191,830,view
191,463,like
191,199,view
191,271,view
191,746,click
191,558,save
191,64,view
191,230,click
191,942,view
191,952,view
191,249,click
191,246,view
191,940,view
191,587,save
191,157,view
191,735,click
191,702,view
191,985,view
191,564,view
191,950,click
191,88,click
191,313,view
191,851,view
191,66,like
192,819,like
192,832,like
192,52,dislike
192,209,view
192,550,like
192,612,view
192,705,click
192,402,click
192,191,view
192,51,complete
192,393,view
192,653,click
192,680,save
192,823,save
192,621,view
192,719,view
192,939,save
192,300,view
192,622,view
192,196,view
192,417,view
192,664,like
192,420,view
192,755,click
192,640,view
192,617,view
192,522,view
192,356,view
192,148,view
192,365,click
192,364,view
193,851,view
193,72,like
193,418,like
193,898,click
193,283,view
193,74,view
193,355,view
193,727,view
193,497,view
193,328,view
193,988,click
193,535,click
193,580,view
193,910,view
193,447,dislike
193,373,view
193,362,save
193,93,view
193,321,view
194,831,complete
194,229,click
194,766,view
194,989,view
194,210,view
194,431,view
194,294,like
194,743,view
194,753,click
194,582,like
194,104,view
194,204,view
194,53,click
194,974,like
195,751,save
195,393,view
195,743,save
195,874,click
195,381,view
195,92,save
195,791,view
195,447,view
196,839,view
196,754,save
196,602,view
196,584,complete
196,838,click
196,30,save
196,359,view
196,919,view
196,288,click
196,86,save
196,234,view
196,747,complete
196,313,like
196,365,view
196,777,save
196,799,click
196,839,view
196,905,view
196,269,click
196,698,click
196,131,view
196,803,click
197,992,like
197,635,view
197,309,click
197,696,view
197,699,view
197,710,dislike
197,590,save
197,860,view
197,186,click
197,856,view
197,253,view
197,13,save
197,299,save
198,409,click
198,991,view
198,323,save
198,111,click
198,770,view
198,89,save
198,433,complete
198,710,complete
198,794,view
198,712,view
198,99,click
198,539,view
198,601,complete
198,146,view
199,199,complete
199,211,like
199,287,view
199,692,complete
199,762,view
199,743,view
199,472,view
199,482,view
199,23,click
199,560,view
199,109,view
199,296,click
199,6,like
199,550,click
199,681,view
199,868,save
199,795,like
199,203,view
199,325,click
199,825,view
199,785,view
199,244,click
199,327,like
199,987,view
199,47,save
199,761,like
199,591,like
199,622,view
199,13,like
199,907,view
199,380,click
199,365,view
199,602,view
199,342,click
199,860,view
200,459,view
200,70,like
200,385,view
200,630,view
200,198,view
200,205,view
200,726,view
200,568,click
200,799,view
200,982,save
200,805,dislike
200,687,click
200,859,view
200,882,view
200,974,like
201,569,click
201,433,view
201,48,view
201,328,click
201,433,view
201,431,view
201,56,view
201,577,view
201,268,save
201,69,view
201,728,view
201,902,click
201,601,complete
201,449,click
201,793,view
201,257,view
201,672,like
201,490,view
201,746,click
201,643,view
201,49,view
201,659,save
201,316,click
201,413,click
201,434,view
201,2,view
201,841,click
201,952,click
201,145,view
201,956,view
201,366,view
201,420,dislike
201,573,save
201,785,like
202,671,dislike
202,715,view
202,112,click
202,980,view
202,292,click
202,950,click
202,822,view
202,631,view
202,383,click
202,17,view
202,493,view
202,331,click
202,926,view
202,739,like
202,873,click
202,486,view
202,406,click
202,117,click
202,555,view
202,880,view
202,115,view
202,795,view
202,549,view
202,814,view
202,625,view
202,547,click
202,644,click
202,336,click
202,336,save
203,770,view
203,178,click
203,242,view
203,203,click
203,543,view
203,801,view
203,462,click
203,80,click
203,523,click
203,417,view
203,766,view
203,384,view
203,391,view
203,896,view
203,799,view
203,688,click
203,126,view
203,494,click
203,47,like
203,718,view
203,476,view
203,949,view
203,619,click
203,464,view
203,787,view
203,849,click
203,123,view
204,591,view
204,785,view
204,620,view
204,963,view
204,586,view
204,687,like
204,184,view
204,23,view
205,100,view
205,189,dislike
205,989,save
205,890,click
205,858,view
205,388,like
205,241,click
205,782,like
205,731,save
205,417,save
205,918,click
205,176,view
205,387,view
205,471,view
205,853,view
205,233,click
205,663,click
205,452,like
205,277,view
205,229,click
205,171,view
205,735,view
205,213,view
205,282,click
205,41,view
205,122,click
205,227,view
205,294,like
205,600,save
205,267,complete
205,541,like
205,759,complete
205,828,like
205,451,click
205,449,view
205,756,view
205,61,view
206,97,view
206,965,view
206,113,click
206,988,complete
206,637,view
206,456,view
206,463,click
206,948,complete
206,132,save
206,930,dislike
206,965,view
207,87,view
207,82,view
207,62,save
207,799,view
207,500,view
207,42,view
207,12,view
207,833,view
207,746,save
207,841,save
207,643,view
207,115,like
207,218,save
207,649,view
207,106,click
207,691,complete
207,528,view
207,472,view
207,754,complete
207,846,click
207,893,view
207,387,click
207,226,click
207,481,like
207,754,click
207,408,view
207,457,click
207,653,click
207,898,view
207,711,click
208,472,like
208,110,click
208,867,click
208,37,view
208,992,view
208,583,view
208,801,click
208,31,click
208,951,view
208,381,click
208,268,click
208,11,view
208,344,view
208,840,save
208,544,click
208,569,like
208,166,view
208,700,dislike
208,342,view
208,482,view
208,19,dislike
208,628,view
208,980,click
208,184,view
208,782,click
208,545,like
208,10,view
208,592,click
208,192,view
208,320,click
208,702,view
208,580,view
208,475,view
208,860,view
208,637,like
208,427,view
209,820,click
209,541,like
209,144,view
209,588,like
209,657,save
209,741,view
209,576,click
209,859,view
209,345,dislike
209,269,click
209,840,view
209,696,view
209,773,click
209,268,view
209,169,view
209,771,view
209,739,view
209,33,view
209,377,view
209,214,view
210,727,view
210,886,click
210,612,view
210,561,save
210,201,click
210,948,save
210,258,view
210,480,view
210,888,click
210,178,view
210,757,click
210,123,save
210,342,view
210,171,save
210,845,view
210,648,view
210,59,complete
210,705,dislike
210,465,click
210,780,complete
210,260,click
211,77,click
211,769,click
211,983,view
211,488,view
211,131,view
211,579,click
211,455,click
211,740,click
211,163,click
212,147,view
212,259,view
212,292,view
212,811,click
212,143,view
212,937,view
212,747,click
212,627,view
212,365,click
212,90,view
212,720,view
212,164,view
212,481,view
212,84,click
212,77,like
212,673,view
212,517,view
212,485,click
212,590,view
212,603,save
212,599,view
212,782,complete
212,104,view
212,452,view
212,487,like
212,339,click
212,687,click
212,566,click
212,900,click
212,478,view
212,723,click
212,607,view
212,223,save
212,9,dislike
212,53,view
213,793,click
213,884,view
213,492,click
213,189,view
213,578,view
213,810,view
214,345,click
214,445,click
214,18,view
214,70,view
214,338,view
214,628,view
214,592,view
214,527,save
214,688,like
214,456,click
214,269,view
214,631,view
214,811,like
214,188,view
214,569,complete
214,711,view
214,529,view
214,434,like
214,288,view
214,918,click
214,567,click
214,499,view
214,441,view
214,781,click
214,303,click
214,87,view
215,454,dislike
215,439,view
215,825,view
215,364,view
215,983,click
215,766,like
215,481,view
215,144,view
215,24,view
215,965,view
216,225,view
216,217,like
216,568,complete
216,31,view
216,869,click
216,59,view
216,892,view
216,898,view
216,353,view
216,935,like
216,445,view
216,235,view
216,107,click
216,191,click
216,992,view
216,530,like
216,913,click
216,738,view
216,679,view
216,583,view
216,874,save
216,566,click
217,658,click
217,391,like
217,813,view
217,676,view
217,169,view
217,990,click
217,298,view
217,233,view
217,903,view
217,271,view
217,60,dislike
217,296,view
217,467,click
217,235,save
217,677,click
217,706,view
217,234,click
217,368,like
217,695,view
217,845,view
218,4,save
218,244,view
218,902,view
218,166,save
218,26,click
218,395,view
218,474,view
218,17,like
218,728,click
218,92,view
218,483,view
218,543,save
218,205,view
218,502,dislike
218,931,view
218,400,save
218,207,view
218,619,view
218,146,like
218,879,view
218,101,click
218,880,view
218,830,view
218,880,view
218,241,click
218,923,view
219,756,click
219,870,click
219,481,view
219,839,view
219,396,view
219,351,click
219,416,like
219,886,view
219,916,view
219,887,view
219,51,click
219,81,click
219,36,complete
219,67,view
219,641,complete
219,882,view
219,667,click
219,757,view
219,623,like
219,680,click
219,481,click
219,468,save
219,142,view
219,356,view
219,709,like
219,471,view
219,621,view
219,888,view
219,591,click
219,902,view
219,673,view
219,439,view
219,531,view
220,293,save
220,987,save
220,734,view
220,115,save
220,949,save
220,670,click
220,259,view
220,763,view
220,122,view
220,299,view
220,775,view
220,381,view
220,561,view
220,889,like
220,841,view
220,501,click
220,297,click
220,362,view
220,589,like
220,463,click
220,438,view
220,127,save
220,197,view
220,221,click
220,91,view
220,411,save
220,8,view
220,544,click
220,468,view
220,320,click
221,962,save
221,902,view
221,543,view
221,502,view
221,650,save
221,492,view
221,21,click
221,234,save
221,714,view
221,791,click
221,643,view
221,416,view
222,494,like
222,899,view
222,82,view
222,856,view
222,879,complete
222,522,click
222,923,save
222,12,view
222,263,view
222,657,view
222,449,view
222,192,click
222,762,click
222,114,view
222,26,complete
222,783,view
222,499,complete
222,508,view
222,545,view
222,62,view
222,229,view
222,815,click
222,607,view
222,35,view
222,705,click
223,553,view
223,982,like
223,698,like
223,866,view
223,892,click
223,847,complete
223,778,click
223,783,like
223,42,view
223,93,view
223,697,view
223,727,click
223,507,save
223,529,dislike
223,956,view
223,265,view
223,626,save
223,292,click
223,969,view
223,464,view
223,804,click
223,560,save
223,819,view
223,97,view
223,887,complete
223,95,click
223,326,view
224,66,save
224,167,view
224,585,click
224,403,click
224,912,click
224,822,view
224,409,save
224,112,view
224,274,view
224,407,click
224,373,click
224,597,view
224,651,like
224,39,view
224,105,view
224,324,view
224,793,click
224,959,click
224,992,view
224,414,view
224,429,save
224,635,view
224,730,view
225,872,click
225,635,view
225,560,view
225,800,save
225,376,complete
225,691,view
225,692,view
225,99,view
226,615,view
226,54,view
226,695,dislike
226,863,click
226,403,view
226,318,view
226,867,view
226,349,view
226,443,view
226,833,click
226,580,view
226,540,view
226,786,view
226,282,save
226,360,click
226,915,click
226,823,click
226,631,click
226,892,view
226,953,complete
226,646,view
226,641,view
226,8,save
226,563,view
226,491,complete
226,341,view
226,472,like
226,793,save
226,687,dislike
226,695,like
226,704,like
226,249,click
226,235,view
226,83,view
227,378,view
227,751,view
227,268,view
227,917,click
227,298,view
227,317,view
227,570,view
227,509,view
227,950,like
227,546,view
227,775,view
227,365,view
227,547,view
227,271,click
227,961,click
227,474,view
227,739,click
227,537,view
227,234,click
227,59,view
227,251,view
227,847,save
227,86,save
228,786,click
228,890,view
228,244,view
228,420,view
228,929,click
228,960,click
228,154,click
228,816,click
228,424,view
228,273,view
228,936,view
228,647,view
228,825,complete
228,520,like
228,128,view
228,373,click
228,568,save
228,638,view
228,159,view
228,571,view
228,570,click
228,652,complete
228,176,click
228,927,view
228,620,view
228,211,save
228,447,save
228,586,click
228,167,click
228,460,view
228,916,save
228,357,save
228,304,view
228,233,click
229,972,save
229,257,click
229,812,dislike
229,662,click
229,806,like
229,243,complete
229,787,like
229,720,view
229,415,view
230,820,view
230,487,view
230,473,view
230,382,click
230,280,click
230,72,view
230,521,view
230,366,view
230,933,view
230,94,like
230,373,view
230,339,click
230,437,like
230,336,view
230,664,view
230,492,complete
230,917,save
230,868,view
230,40,save
230,359,save
230,574,view
230,254,like
230,966,view
230,581,click
230,398,dislike
230,757,save
230,877,view
230,170,view
230,690,click
230,701,click
230,511,click
231,849,save
231,398,click
231,583,click
231,726,click
231,435,view
231,577,view
231,221,complete
231,308,save
231,991,complete
231,798,click
231,697,view
231,719,view
231,466,click
231,99,view
231,242,view
231,158,save
231,610,view
231,554,view
231,651,save
231,795,save
231,920,view
231,227,save
231,423,like
231,72,view
231,243,view
231,530,view
231,589,click
231,45,view
231,472,dislike
231,371,save
231,855,save
231,652,complete
232,768,view
232,875,view
232,208,view
232,937,view
232,131,dislike
232,736,view
232,709,view
232,980,view
232,654,click
232,764,view
232,608,like
232,26,complete
233,387,click
233,228,click
233,640,like
233,767,view
233,475,save
233,724,click
233,751,view
233,207,click
233,318,view
233,795,complete
233,757,view
233,557,click
233,617,view
233,348,complete
233,793,view
233,234,complete
233,701,like
233,44,view
234,699,like
234,245,click
234,478,click
234,309,click
234,231,save
234,383,view
234,155,view
234,175,view
234,848,view
234,115,view
234,390,view
234,311,view
234,300,view
234,18,save
234,784,view
234,12,complete
234,404,view
234,813,save
235,424,click
235,757,click
235,477,save
235,382,view
235,155,view
235,257,complete
235,756,like
235,674,like
235,68,view
235,344,like
235,277,view
235,673,view
235,391,view
235,449,view
235,259,view
235,307,view
235,847,view
235,95,view
235,950,save
235,464,click
235,970,view
236,969,view
236,987,click
236,516,view
236,533,view
236,927,view
236,149,complete
236,488,click
236,25,click
236,655,save
236,757,view
236,931,like
236,945,click
237,52,click
237,655,save
237,942,save
237,919,view
237,396,like
237,221,click
237,428,like
237,752,view
237,143,click
237,861,like
237,363,like
237,382,view
237,561,view
237,277,view
237,271,view
237,14,view
237,298,view
237,464,like
237,527,view
237,234,click
238,620,click
238,453,view
238,393,view
238,212,click
238,668,click
238,538,click
238,594,view
238,595,like
238,131,view
238,329,view
238,612,view
238,256,view
238,479,view
238,561,save
238,913,save
238,63,like
238,311,view
238,407,click
238,802,view
238,105,view
238,617,view
238,837,view
239,821,save
239,949,save
239,641,view
239,770,view
239,314,view
239,147,view
239,958,view
239,462,like
239,584,click
239,486,complete
239,652,save
239,410,click
239,27,complete
239,29,click
239,271,like
239,686,view
239,501,view
239,253,view
239,385,click
239,60,click
239,107,view
239,220,view
239,441,like
239,771,click
239,883,view
239,658,click
239,564,save
240,226,like
240,162,complete
240,793,complete
240,253,view
240,132,view
240,448,click
240,884,view
240,887,view
240,474,view
240,656,click
240,778,click
240,109,view
240,706,view
240,35,view
240,467,click
240,902,view
240,275,view
240,187,like
241,333,click
241,555,view
241,907,save
241,944,view
241,911,view
241,401,view
241,950,view
241,306,view
241,28,like
241,467,view
241,260,view
241,534,view
241,982,click
241,887,save
241,101,click
241,551,click
241,802,like
242,86,view
242,734,like
242,875,save
242,424,click
242,613,click
242,738,click
242,364,complete
242,60,save
242,482,click
242,250,click
242,560,view
242,117,click
242,739,view
242,874,view
242,915,save
242,968,click
242,545,complete
242,44,view
242,509,view
243,889,click
243,43,view
243,520,view
243,13,view
243,725,click
243,623,click
244,325,view
244,579,view
244,761,view
244,175,complete
244,851,like
244,514,view
244,172,view
245,982,view
245,304,complete
245,935,view
245,559,complete
245,222,view
245,533,save
245,158,view
245,348,view
245,159,like
245,889,view
245,884,click
245,922,click
245,235,view
245,662,view
245,405,click
245,257,view
245,677,click
245,589,like
245,597,view
245,558,view
245,905,click
245,913,view
245,47,view
245,213,view
245,479,click
245,487,view
245,571,view
245,566,save
245,342,view
246,88,view
246,20,view
246,14,click
246,133,view
246,937,view
246,808,save
246,34,view
246,892,view
246,208,view
246,813,click
246,199,view
246,592,complete
247,54,save
247,806,save
247,330,view
247,848,view
247,203,click
247,288,view
247,45,view
247,829,view
247,198,view
247,216,click
247,481,dislike
247,309,click
247,896,view
247,435,click
247,332,view
247,696,view
247,27,like
247,166,view
247,318,dislike
247,274,view
247,383,click
247,365,view
247,103,view
247,960,view
247,503,save
247,845,save
247,373,save
248,526,view
248,597,like
248,831,click
248,840,view
248,3,save
248,28,like
248,381,view
248,157,save
248,855,complete
248,914,complete
248,931,like
248,511,click
248,333,view
248,844,view
248,687,view
249,399,save
249,260,click
249,824,click
249,320,click
249,196,click
249,478,click
249,418,dislike
249,475,click
249,607,save
249,568,like
249,544,view
249,231,view
249,884,view
249,521,click
249,703,save
249,873,view
249,200,click
249,846,click
249,673,view
249,599,click
249,21,save
249,311,view
249,588,click
249,953,click
249,898,view
249,653,view
249,638,dislike
249,763,view
249,900,view
250,902,view
250,575,click
250,294,view
250,896,view
250,306,click
250,254,like
250,180,click
250,40,like
250,776,view
250,701,click
250,520,view
250,616,view
250,737,click
250,546,click
250,236,click
250,463,click
250,228,click
250,700,view
250,825,view
250,483,click
250,430,view
250,22,view
250,343,view
250,40,click
250,173,view
250,439,click
250,179,click
250,598,view
250,133,save
250,351,click
250,525,click
250,540,click
250,506,view
250,84,click
250,464,view
250,830,complete
250,861,save
250,343,click
251,925,view
251,691,view
251,576,click
251,509,view
251,132,complete
252,180,view
252,58,view
252,480,save
252,933,like
252,591,view
252,460,click
252,61,like
252,369,view
252,121,save
252,719,click
252,546,click
252,582,view
252,17,click
252,496,save
252,497,view
252,505,click
252,532,view
253,57,view
253,738,view
253,196,view
253,760,view
253,678,click
253,62,view
253,263,click
253,112,view
253,765,dislike
253,711,like
253,178,view
253,948,view
253,26,save
253,410,dislike
253,758,view
253,531,view
253,777,complete
253,317,click
253,532,view
253,106,click
253,749,complete
253,818,save
253,464,click
253,246,click
253,81,view
253,662,save
253,909,view
253,396,complete
253,522,view
253,833,like
253,736,view
254,677,click
254,427,view
254,854,view
254,371,view
254,832,click
254,664,click
254,967,like
254,290,view
254,432,view
254,268,complete
254,151,view
254,719,click
254,255,save
254,353,view
254,377,click
254,653,view
254,855,view
254,358,view
254,608,save
254,941,view
254,370,click
254,227,complete
254,705,click
254,303,click
254,826,view
254,389,view
254,377,view
254,973,click
254,118,dislike
254,5,complete
254,444,like
254,352,like
254,755,view
255,961,complete
255,166,click
255,205,click
255,267,view
255,138,view
255,368,view
255,443,view
255,858,click
255,760,click
255,567,view
255,916,view
255,721,view
255,17,view
255,68,view
255,133,complete
255,700,click
255,919,click
255,430,view
255,308,like
255,650,click
255,174,save
255,412,view
255,97,complete
255,683,save
255,154,like
255,695,view
255,242,view
255,304,view
255,285,view
255,27,like
255,402,view
255,360,view
255,60,view
255,202,view
255,762,view
255,874,save
256,909,view
256,944,dislike
256,515,view
256,193,view
256,585,dislike
256,415,save
256,873,view
256,118,click
256,666,save
256,209,view
256,952,view
256,34,save
257,686,like
257,586,click
257,351,view
257,143,view
257,967,click
257,804,like
257,398,view
258,522,view
258,489,click
258,929,like
258,397,save
258,896,view
258,355,view
258,947,click
258,288,click
258,459,view
259,939,view
259,780,view
259,11,click
259,582,view
259,256,click
259,396,click
259,731,click
259,809,view
259,409,like
259,362,view
259,259,view
259,3,view
259,84,view
259,156,view
259,663,click
259,176,view
259,707,view
259,938,save
259,472,view
259,619,view
259,424,view
259,134,save
259,788,view
260,733,click
260,15,view
260,955,view
260,259,click
260,778,view
260,463,view
260,120,view
260,976,complete
260,913,click
260,128,view
260,723,save
260,523,click
260,688,click
260,645,save
260,325,view
260,320,view
260,506,click
260,526,click
260,50,click
260,922,click
260,584,complete
260,69,like
260,391,like
260,383,save
260,16,complete
260,439,view
260,846,view
261,149,click
261,27,view
261,987,like
261,584,click
261,248,view
261,101,view
261,702,complete
261,96,save
261,384,view
261,282,view
261,322,save
261,396,click
261,278,save
261,529,view
261,263,click
261,619,view
261,580,view
261,640,click
261,293,complete
261,294,view
261,608,view
261,395,click
261,513,click
261,921,save
261,810,save
261,180,view
261,920,dislike
261,693,save
261,235,like
261,952,click
261,831,like
261,337,view
261,8,view
261,443,like
261,941,view
262,565,click
262,442,like
262,841,view
262,956,save
262,699,view
262,876,click
262,662,click
262,776,like
262,762,view
262,945,view
262,810,view
262,923,dislike
262,935,click
262,723,click
262,25,view
262,806,like
262,853,save
262,664,click
262,536,view
262,764,view
262,60,click
262,467,click
262,434,view
262,879,click
262,66,view
262,910,save
262,565,click
262,928,view
262,106,click
262,96,view
262,988,view
262,688,save
263,927,like
263,138,click
263,433,save
263,470,view
263,350,save
263,126,view
263,881,view
263,917,click
263,868,view
263,309,dislike
263,855,view
263,230,dislike
263,460,click
263,345,click
263,310,view
263,953,view
263,20,like
263,881,view
263,561,click
263,647,dislike
263,541,view
264,805,view
264,852,view
264,304,click
264,764,view
264,374,view
264,950,like
264,816,view
264,112,view
264,878,like
264,6,click
264,930,view
264,703,click
264,846,view
264,944,click
264,279,view
264,382,save
264,852,complete
264,13,like
264,303,like
264,556,click
264,617,view
264,160,view
264,154,click
264,754,like
264,181,view
264,526,like
265,389,view
265,720,view
265,263,view
265,563,click
265,65,click
265,265,view
265,338,click
265,301,view
265,378,save
265,175,click
265,963,click
265,152,view
265,476,view
265,266,view
265,329,click
265,973,view
265,816,complete
265,163,dislike
265,438,click
265,343,complete
266,519,view
266,78,click
266,434,view
266,577,view
266,614,view
266,963,view
266,869,complete
266,812,save
266,799,view
266,683,view
266,77,view
266,48,complete
266,767,view
266,82,view
266,895,click
266,721,complete
266,209,view
266,445,view
266,971,view
267,371,click
267,587,save
267,329,view
267,590,click
267,767,click
267,777,click
267,304,save
267,579,view
267,221,click
267,979,click
267,164,view
267,480,view
267,455,click
267,375,like
267,220,view
267,684,save
267,254,view
267,722,view
267,188,view
267,191,view
267,389,view
267,215,view
267,375,click
267,86,click
267,474,view
267,618,view
267,844,view
267,808,click
267,531,view
267,47,view
267,65,complete
267,963,save
267,475,view
267,146,view
267,946,view
267,798,save
267,382,click
268,368,view
268,786,view
268,849,view
268,870,view
268,237,save
268,727,view
268,366,view
268,286,click
268,378,save
268,661,save
269,369,click
269,45,complete
269,344,click
269,757,view
269,796,view
269,375,view
269,619,view
269,27,click
269,193,view
269,930,view
269,849,click
269,357,like
270,173,like
270,787,view
270,64,save
270,101,like
270,322,click
270,975,save
270,66,save
270,843,view
271,962,click
271,684,click
271,919,complete
271,774,view
271,194,click
271,149,like
271,375,view
271,888,like
271,35,like
271,369,complete
271,29,view
271,775,view
271,221,like
271,53,view
272,982,view
272,497,view
272,206,click
272,426,view
272,941,like
272,44,view
272,91,complete
272,929,view
272,828,view
272,470,view
272,605,view
272,467,view
272,851,view
272,454,click
272,595,view
272,333,save
272,507,view
272,794,like
272,470,click
272,21,view
272,228,view
272,376,view
272,130,view
272,687,click
272,620,click
272,414,like
272,795,click
272,71,complete
273,238,view
273,10,view
273,664,view
273,573,click
273,530,save
273,598,view
273,649,click
273,913,click
273,742,view
273,640,complete
273,616,save
273,698,view
273,909,view
273,178,view
273,869,view
273,6,click
274,275,save
274,530,view
274,592,view
274,215,click
274,683,save
274,485,click
274,329,view
274,255,click
274,387,click
274,126,complete
275,165,view
275,242,click
275,900,like
275,642,view
275,227,complete
275,634,complete
275,556,like
275,451,view
275,196,click
275,870,save
275,204,dislike
275,979,view
275,458,save
275,830,view
275,257,view
275,529,view
276,327,view
276,415,view
276,210,click
276,296,view
276,398,view
276,103,click
276,636,view
276,757,view
276,508,click
276,891,click
276,868,like
276,209,click
276,933,view
276,428,complete
276,393,save
276,826,view
276,916,view
276,109,click
276,889,click
276,348,save
276,50,click
276,916,click
276,105,dislike
277,722,click
277,584,like
277,736,view
277,539,dislike
277,640,complete
277,106,like
277,165,click
277,215,view
277,71,view
277,716,view
277,665,view
277,579,click
277,90,click
277,772,like
277,874,view
277,228,view
277,79,save
277,608,view
278,336,view
278,51,view
278,79,save
278,698,click
278,174,complete
278,948,save
278,618,click
278,501,view
278,575,view
278,76,view
278,316,like
278,833,view
278,373,view
278,81,click
278,873,view
278,640,view
278,695,click
278,755,view
278,697,view
278,732,view
278,71,click
278,969,click
278,854,view
278,666,click
278,757,view
278,652,complete
278,71,view
278,46,click
278,47,like
278,591,save
278,422,view
278,149,view
278,910,click
278,130,view
278,456,save
278,639,click
279,692,view
279,784,complete
279,77,like
279,954,click
279,733,click
279,905,view
279,794,view
279,540,view
279,361,save
279,77,view
279,509,view
279,164,view
279,9,complete
279,175,view
279,462,like
279,307,view
279,588,click
279,245,view
279,122,click
279,185,click
280,227,view
280,528,view
280,668,save
280,354,view
280,623,view
280,1,view
280,553,view
280,560,like
280,927,view
280,420,click
280,620,like
280,161,click
280,161,view
280,871,save
280,128,view
280,722,view
280,151,click
280,444,save
280,767,save
280,471,complete
280,463,save
280,730,save
280,30,like
280,473,view
280,557,view
280,80,click
280,39,click
280,240,view
280,557,view
280,590,view
280,337,click
281,15,view
281,231,view
281,617,view
281,677,click
281,199,view
281,916,click
282,694,view
282,935,click
282,913,click
282,147,view
282,374,like
282,688,save
282,675,complete
282,416,view
282,687,complete
282,494,view
282,559,view
282,256,save
282,960,click
282,686,click
282,103,view
282,121,view
282,419,click
282,350,view
282,657,click
282,42,view
282,367,complete
282,29,click
282,966,click
282,892,complete
282,785,click
282,977,view
282,14,view
282,920,click
282,953,view
282,818,click
282,825,view
282,485,view
283,832,save
283,770,dislike
283,621,save
283,768,view
283,794,like
283,220,view
283,595,click
283,107,view
283,581,view
283,609,save
283,724,click
283,286,view
283,749,view
283,8,view
283,806,click
283,189,view
283,81,view
283,108,click
283,321,click
283,579,save
283,686,click
283,346,like
283,863,complete
283,328,save
283,555,click
283,699,view
283,302,dislike
283,200,view
283,893,view
283,419,view
283,39,view
284,258,view
284,234,view
284,336,complete
284,409,click
284,828,dislike
284,975,view
284,24,click
284,271,view
284,95,view
284,142,click
284,694,view
284,718,view
284,902,view
284,974,view
284,81,click
284,274,view
284,276,view
284,883,view
284,958,view
284,465,click
284,208,view
284,296,save
284,39,view
284,948,view
284,288,like
284,124,click
284,876,view
284,969,save
284,283,view
284,878,save
284,180,click
284,97,click
284,191,dislike
284,74,view
284,447,click
284,785,view
284,497,view
285,441,view
285,926,view
285,856,like
285,84,like
285,46,view
285,440,view
285,671,like
285,856,like
286,308,click
286,708,view
286,277,click
286,530,view
286,295,view
286,783,like
286,53,view
286,806,view
286,432,view
286,52,view
286,728,view
286,72,like
286,28,click
286,469,click
286,912,view
286,764,view
286,886,view
286,912,view
286,547,click
286,401,view
286,201,like
286,761,view
286,611,view
286,820,view
286,989,view
286,466,view
286,652,view
286,595,view
286,560,click
287,816,click
287,853,view
287,555,view
287,756,view
287,181,view
287,501,view
287,597,save
287,155,view
287,787,view
287,535,click
287,627,complete
287,818,view
288,263,click
288,834,view
288,222,view
288,77,view
288,62,like
288,471,like
288,157,click
288,806,view
288,125,click
288,741,click
288,852,view
288,161,view
289,293,click
289,584,click
289,795,view
289,175,save
289,123,view
289,227,save
289,902,complete
289,444,view
289,813,like
289,428,save
289,83,like
289,765,click
289,658,view
289,632,like
289,65,view
289,281,view
289,795,view
289,391,view
289,428,click
289,618,click
289,925,like
289,991,view
289,812,complete
289,107,like
289,548,view
290,446,save
290,606,view
290,220,view
290,987,view
290,810,view
290,851,like
290,965,save
290,442,view
290,645,view
290,873,view
290,667,view
290,28,click
290,794,view
290,475,click
290,628,view
290,305,view
291,450,view
291,565,dislike
291,611,view
291,247,click
291,36,like
291,401,view
291,28,like
291,220,view
291,406,complete
291,614,view
291,775,complete
291,271,view
291,736,click
291,651,click
291,792,view
291,511,view
292,23,save
292,845,view
292,566,view
292,821,click
292,49,complete
292,462,view
292,590,save
292,336,complete
292,945,like
292,358,view
292,122,view
292,444,view
292,359,click
292,602,view
292,346,view
292,193,save
292,416,view
292,377,view
292,463,click
292,756,click
292,661,save
292,146,view
292,478,click
292,828,click
292,890,view
292,653,save
292,408,view
292,286,view
292,898,view
292,851,view
292,111,view
292,620,save
292,879,view
292,793,complete
292,50,click
292,14,view
292,134,view
293,526,view
293,194,view
293,157,click
293,900,view
293,666,complete
293,115,click
293,396,view
293,770,click
293,657,view
293,803,save
293,522,click
293,880,view
293,214,view
293,745,like
293,683,click
293,533,complete
293,15,view
293,419,view
293,368,view
293,638,click
293,853,view
293,853,view
293,213,click
293,700,click
293,684,view
293,992,view
293,759,click
293,5,view
293,231,view
293,201,view
293,885,click
293,402,save
293,149,view
293,584,view
293,492,like
293,226,dislike
293,586,click
293,819,dislike
293,169,click
294,443,click
294,423,view
294,538,like
294,939,view
294,804,view
294,935,view
294,701,view
294,912,click
294,634,view
294,230,view
294,59,view
294,96,view
294,262,view
294,354,click
294,312,click
294,136,complete
294,862,view
294,795,view
294,967,view
294,923,view
294,473,click
294,632,save
294,430,click
294,937,view
294,975,view
294,537,like
294,854,view
294,146,view
295,481,click
295,435,click
295,519,view
295,669,click
295,683,click
295,69,view
295,606,click
295,881,save
295,875,view
295,888,view
295,186,click
295,904,view
295,682,save
295,204,click
295,554,like
295,13,click
295,666,view
295,274,view
295,298,save
295,51,view
295,500,click
295,369,save
295,724,view
296,952,click
296,9,dislike
296,236,view
296,710,view
296,924,save
296,685,like
296,794,view
296,28,click
296,808,like
297,572,view
297,294,view
297,360,click
297,655,click
297,914,view
297,180,view
297,797,view
297,112,click
297,742,view
297,444,view
297,21,click
297,145,view
297,499,view
297,146,click
297,441,view
297,887,click
297,421,view
297,316,view
297,166,view
297,652,complete
297,203,click
297,496,dislike
297,756,click
297,625,click
297,468,view
298,784,view
298,544,click
298,450,click
298,474,view
298,142,view
298,251,like
298,294,save
298,610,view
298,136,save
298,484,click
298,789,view
298,312,view
298,814,like
298,555,click
298,632,click
298,732,click
298,46,view
298,236,view
298,48,view
298,198,view
298,84,click
298,543,like
298,161,view
298,428,view
298,71,click
298,520,like
299,944,view
299,823,view
299,413,view
299,943,view
299,575,click
299,19,like
299,347,complete
299,905,click
299,613,save
299,37,click
299,619,view
299,92,click
299,820,click
299,185,click
299,728,view
299,28,view
299,548,view
299,372,complete
300,287,view
300,169,click
300,420,view
300,47,click
300,43,view
300,321,click
300,818,save
300,221,click
300,513,click
300,712,click
300,441,click
300,144,view
300,890,click
300,28,view
300,854,view
300,850,view
300,790,view
300,553,view
300,844,click
300,659,view
300,857,view
300,690,click
300,827,view
300,837,click
300,930,click
300,167,complete
300,635,click
300,586,view
300,751,view
300,249,view
300,775,like
301,610,view
301,62,view
301,776,view
301,625,view
301,429,dislike
301,658,view
301,728,click
301,256,click
301,828,click
301,828,click
301,874,view
301,770,click
301,706,view
301,347,complete
301,526,save
301,304,complete
301,615,view
301,245,view
301,757,view
301,824,view
301,780,view
301,736,click
301,732,view
301,823,click
301,412,like
301,878,click
302,445,click
302,988,like
302,923,like
302,552,view
302,193,view
302,639,view
302,289,click
302,964,click
302,583,click
302,649,view
302,144,click
302,389,view
302,866,save
302,892,view
302,407,click
302,811,view
302,370,view
302,857,click
302,441,view
302,947,save
302,781,click
302,896,click
302,920,view
302,651,view
302,564,click
302,529,view
302,677,click
302,13,view
302,702,view
302,987,view
302,340,view
302,865,view
302,874,click
302,864,save
302,776,view
302,312,complete
302,733,click
302,104,like
303,715,view
303,409,save
303,470,view
303,810,view
303,506,view
303,686,view
303,73,view
303,84,save
303,59,view
303,21,view
303,458,save
303,918,view
303,157,complete
303,831,dislike
303,329,view
304,243,complete
304,620,click
304,336,view
304,422,click
304,835,click
304,194,click
304,308,view
304,645,view
304,907,view
304,506,save
304,281,click
304,803,click
304,675,view
304,790,view
304,933,view
304,982,complete
305,399,view
305,515,like
305,805,click
305,885,like
305,498,complete
305,942,view
305,528,click
305,398,view
305,265,click
305,751,save
305,263,view
305,398,click
305,646,click
305,725,view
305,527,save
305,436,click
305,840,complete
305,930,view
305,360,view
305,129,click
305,864,view
305,634,complete
305,241,view
305,627,save
305,709,click
306,306,view
306,58,view
306,530,view
306,208,click
306,511,click
306,977,click
306,135,view
306,844,view
306,522,save
306,581,view
306,853,like
306,899,view
306,83,save
306,621,view
306,44,click
306,483,view
306,966,view
306,910,view
306,644,view
306,493,view
307,79,view
307,169,view
307,810,view
307,983,click
307,180,view
307,628,click
307,260,click
307,486,view
307,772,view
307,5,save
307,297,view
307,620,save
307,855,view
307,360,click
307,117,like
307,357,like
307,957,view
307,843,view
307,439,save
307,331,view
307,525,view
307,654,like
307,188,view
307,968,view
307,281,view
307,511,click
307,466,click
307,115,view
308,689,click
308,642,view
308,707,view
308,11,complete
308,818,like
308,507,view
308,419,view
308,122,save
308,911,click
308,235,view
308,331,click
308,543,like
308,348,like
308,958,view
308,412,view
309,330,view
309,470,click
309,759,view
309,849,save
309,534,view
309,939,click
309,467,view
309,977,click
309,984,save
309,420,save
309,608,save
309,122,click
309,762,like
309,891,click
309,308,like
309,932,click
309,924,click
309,334,view
309,954,click
309,420,view
309,326,like
309,649,click
309,789,dislike
309,832,view
309,844,view
309,573,like
309,250,view
309,990,view
309,95,like
309,296,click
309,184,view
309,260,like
310,559,view
310,151,click
310,50,view
310,215,view
310,991,view
310,644,view
310,372,view
310,113,view
310,252,view
310,963,click
310,341,click
310,53,view
310,130,complete
310,836,like
310,193,view
310,591,view
310,57,complete
311,886,view
311,335,view
311,160,click
311,264,save
311,865,dislike
312,382,click
312,676,view
312,481,click
312,919,view
312,936,view
312,5,view
312,34,view
312,792,click
312,145,view
312,351,complete
312,583,complete
312,465,view
312,348,save
312,742,view
313,777,complete
313,711,save
313,670,view
313,845,view
313,987,view
313,959,view
313,419,click
313,909,save
313,207,click
313,686,dislike
313,696,view
313,265,like
313,983,save
313,758,view
313,36,click
313,373,view
313,488,save
313,259,click
313,531,view
313,924,click
313,23,click
313,104,view
313,241,view
314,140,save
314,953,view
314,300,click
314,13,view
314,664,view
314,428,click
314,825,view
314,864,click
314,400,save
315,76,save
315,698,view
315,590,view
315,390,click
315,577,click
316,405,view
316,258,save
316,730,save
316,479,view
316,90,click
316,824,view
316,864,view
316,10,click
316,87,view
316,762,save
316,838,view
316,151,complete
316,988,view
316,625,click
316,30,like
316,128,view
316,78,view
316,421,view
316,55,click
316,480,view
316,305,view
316,546,click
316,105,view
316,172,click
317,10,like
317,494,save
317,234,click
317,298,click
317,244,dislike
317,509,view
317,351,click
317,267,view
317,630,click
317,656,click
317,893,view
317,201,view
317,239,click
317,334,view
317,915,view
317,415,save
318,261,like
318,690,save
318,24,view
318,687,view
318,786,view
318,340,view
318,412,click
318,973,click
318,261,view
318,286,save
318,513,view
318,86,view
318,850,click
318,430,view
318,581,view
319,189,click
319,306,view
319,378,click
319,602,view
319,343,click
319,774,click
319,156,like
319,712,view
319,55,view
319,766,view
319,442,like
319,685,view
319,200,view
319,403,view
319,614,save
319,797,view
319,663,view
319,623,view
319,928,like
319,778,click
319,603,click
320,760,view
320,295,click
320,839,view
320,383,view
320,158,click
320,405,like
320,1,click
320,217,save
320,928,save
320,507,click
320,761,view
320,904,like
320,581,view
320,30,view
320,627,view
320,520,save
320,881,view
320,275,view
320,492,click
320,827,like
320,951,click
321,154,click
321,570,view
321,423,view
321,916,complete
321,850,dislike
321,50,view
321,207,save
321,564,click
321,854,view
321,883,view
321,662,view
321,565,save
321,213,click
321,66,click
321,232,view
321,885,click
321,811,save
321,850,like
321,663,view
321,717,click
321,320,view
321,767,click
321,137,click
321,881,view
321,647,save
321,937,view
321,566,save
321,65,view
321,514,click
321,132,like
321,334,view
321,32,click
321,868,view
321,898,view
321,872,click
321,498,click
322,506,view
322,778,view
322,360,view
322,332,click
322,918,save
322,528,view
322,12,view
322,75,like
322,212,save
322,691,click
322,641,save
322,283,view
322,195,save
322,780,view
322,30,view
322,9,click
322,309,view
322,445,dislike
322,310,view
322,677,like
323,806,save
323,906,click
323,298,click
323,805,view
323,154,view
323,732,view
323,652,save
323,468,dislike
323,49,view
323,654,view
323,46,view
323,675,click
323,285,click
323,780,save
323,628,view
323,82,save
323,44,click
323,706,view
323,770,click
323,955,view
324,530,save
324,169,view
324,710,save
324,923,view
324,143,save
324,37,click
324,698,view
324,261,click
324,231,click
324,254,click
324,329,view
324,903,view
325,522,complete
325,801,click
325,814,like
325,571,view
325,308,view
325,262,like
325,898,view
325,797,view
325,631,view
325,680,complete
325,865,click
325,701,click
325,452,click
325,251,view
325,324,save
325,925,view
325,229,save
325,702,view
325,828,view
325,636,click
325,596,view
325,297,click
325,727,view
325,237,view
325,978,view
326,735,view
326,884,like
326,167,view
326,284,view
326,704,dislike
326,89,view
326,544,click
326,649,view
326,156,click
326,250,click
326,95,view
326,17,save
326,117,click
326,983,view
326,333,click
326,823,click
326,522,view
327,226,save
327,308,like
327,475,view
327,906,view
327,222,view
327,173,view
327,340,click
327,797,like
327,506,view
327,821,click
327,157,click
327,151,view
327,697,view
327,178,click
327,533,like
327,112,click
327,683,view
327,138,view
327,233,view
327,332,click
327,542,save
327,893,view
327,307,save
327,161,click
327,402,click
327,590,complete
327,278,view
327,320,like
327,533,view
327,897,view
327,497,like
327,363,like
327,372,click
327,892,click
327,655,click
327,36,save
327,303,view
327,438,save
327,726,view
328,884,complete
328,434,click
328,921,complete
328,208,view
328,133,click
329,624,view
329,567,view
329,393,view
329,527,view
329,37,click
329,178,view
329,639,like
329,629,save
329,852,click
329,72,click
329,352,view
329,623,view
329,149,like
329,697,view
329,105,complete
329,659,click
329,221,view
329,826,view
330,90,view
330,903,like
330,679,view
330,351,view
330,69,view
330,163,click
330,242,like
330,495,click
330,383,complete
330,52,view
330,654,view
330,63,save
330,509,like
330,292,save
330,91,save
330,664,view
330,424,view
330,669,like
330,821,view
330,365,view
330,150,click
330,840,view
330,271,save
330,881,view
330,581,save
330,116,click
330,704,click
330,516,view
330,587,view
330,914,view
330,810,view
330,241,click
330,30,view
330,143,view
331,710,save
331,1,view
331,702,click
331,381,view
331,509,view
331,460,view
331,505,view
331,806,view
331,476,save
331,557,view
331,954,click
331,849,view
331,897,view
331,32,like
331,904,click
332,593,view
332,266,view
332,667,click
332,373,view
332,233,view
332,911,like
332,828,view
332,236,click
332,671,view
332,917,save
332,828,view
332,763,save
332,314,view
332,937,view
332,942,click
332,813,view
332,380,view
332,794,like
332,614,like
332,563,view
332,420,view
332,52,view
332,721,view
332,819,complete
332,643,click
332,509,view
332,782,dislike
332,945,click
332,205,click
332,731,view
332,257,view
332,185,click
332,145,view
332,690,view
332,14,view
333,657,view
333,156,click
333,782,like
333,162,save
333,624,view
333,843,like
333,697,save
333,717,like
333,97,view
333,377,save
333,567,click
333,450,view
333,117,dislike
333,605,view
333,805,view
333,964,like
333,716,view
333,794,like
333,506,click
333,189,view
333,476,view
333,323,save
333,596,click
333,970,complete
333,180,like
333,786,view
333,181,view
333,959,complete
333,693,click
333,795,view
333,287,save
333,475,like
333,618,click
333,641,view
333,262,click
333,523,click
333,162,like
333,487,complete
333,980,click
334,655,click
334,298,click
334,494,click
334,546,click
334,304,like
334,467,like
334,904,click
334,239,view
334,650,click
334,766,save
334,517,view
334,884,dislike
334,176,view
334,885,view
334,410,like
334,726,view
334,364,view
334,23,view
334,318,view
334,525,view
335,424,view
335,471,view
335,686,click
335,216,like
335,93,view
335,260,save
335,934,view
335,575,view
335,541,view
335,787,like
335,859,view
335,285,save
335,484,view
335,931,dislike
335,372,save
335,70,click
335,379,like
335,279,click
335,743,save
335,302,view
335,255,view
335,684,click
335,944,view
335,692,view
335,264,click
335,695,view
335,834,click
335,717,view
335,424,complete
335,761,like
335,213,complete
335,671,view
335,944,click
335,100,complete
336,594,save
336,13,view
336,536,view
336,168,view
336,270,click
336,988,click
336,971,dislike
336,70,view
336,318,view
336,376,click
336,89,save
336,701,complete
336,257,save
336,217,view
336,450,click
336,894,like
336,544,view
336,141,view
336,161,view
337,558,view
337,507,click
337,521,view
337,471,view
337,161,view
337,289,view
337,340,view
337,900,view
337,833,like
337,502,click
337,106,view
338,778,view
338,741,view
338,781,click
338,637,view
338,684,click
338,746,click
338,295,view
338,915,view
338,435,view
338,275,click
338,588,view
338,308,view
338,726,like
338,943,click
338,376,click
338,158,click
338,814,save
338,204,click
338,989,view
338,661,view
338,75,save
338,380,click
338,741,click
338,304,like
338,62,like
338,570,view
338,786,view
338,108,view
339,103,complete
339,361,click
339,424,like
339,699,complete
339,205,save
339,14,view
339,940,view
339,616,click
339,629,view
339,470,like
339,466,view
339,304,view
339,605,save
339,427,view
339,656,view
339,110,view
339,675,click
339,565,view
339,930,like
339,515,view
339,68,like
339,246,view
339,389,view
339,650,view
340,223,view
340,276,view
340,795,view
340,776,click
340,246,save
340,341,click
340,573,view
340,924,view
340,471,complete
340,454,dislike
340,771,click
340,965,view
341,630,view
341,852,like
341,935,like
341,963,view
341,901,click
341,705,click
341,399,save
341,346,view
341,195,click
341,168,click
341,377,view
341,489,view
341,751,click
341,362,view
341,482,complete
341,244,view
341,581,complete
341,607,view
341,589,view
341,171,view
341,513,save
341,406,save
341,574,view
341,207,view
341,154,click
341,786,view
341,48,save
341,649,view
341,1,click
341,747,click
341,905,dislike
341,768,click
342,373,save
342,831,view
342,879,view
342,808,click
342,786,complete
342,835,save
342,871,click
342,702,click
342,138,complete
342,948,view
342,457,view
342,814,complete
342,823,like
342,942,view
343,813,click
343,895,view
343,854,view
343,627,save
343,679,view
343,435,view
343,777,view
343,227,view
343,663,click
343,268,click
343,116,save
343,600,view
343,830,click
343,754,like
343,360,view
343,329,view
343,845,like
343,40,view
343,182,view
343,490,view
343,209,view
343,903,view
344,819,view
344,591,view
344,444,view
344,418,view
344,292,click
344,574,view
345,150,save
345,633,view
345,690,view
345,813,click
345,330,complete
345,120,view
345,584,like
345,219,view
345,906,dislike
345,910,click
345,814,view
346,22,view
346,580,like
346,185,view
346,522,save
346,578,view
346,264,view
346,225,click
346,635,save
346,38,save
346,123,click
346,830,view
346,156,complete
346,906,view
346,301,save
346,833,click
346,67,view
346,905,view
346,645,view
346,874,view
346,394,view
346,652,view
346,594,view
346,570,click
346,661,save
346,405,view
346,449,view
346,131,view
346,69,click
346,345,save
346,762,click
346,320,save
346,177,click
346,584,click
346,529,view
346,841,save
346,160,like
346,582,click
346,625,save
347,133,view
347,327,view
347,185,like
347,506,click
347,646,view
347,689,view
347,534,click
347,241,click
347,589,dislike
347,716,dislike
347,516,click
347,840,view
347,960,view
347,165,click
347,927,view
347,933,view
347,640,view
347,557,view
347,218,view
347,747,view
347,648,save
347,680,view
347,749,view
347,605,view
347,5,click
347,668,view
347,757,click
348,115,view
348,100,view
348,885,view
348,438,complete
348,345,click
348,349,save
348,139,save
348,828,click
348,324,save
348,846,click
348,302,view
348,294,click
348,957,click
348,529,save
348,834,dislike
348,968,view
348,292,save
348,74,view
348,775,save
348,484,view
348,16,view
348,526,view
348,336,click
348,793,view
348,873,like
348,516,view
348,925,complete
348,127,click
348,824,view
349,673,save
349,71,save
349,664,view
349,969,view
349,587,view
349,376,view
349,727,view
349,368,dislike
349,51,view
349,898,view
349,143,like
349,419,view
349,548,click
349,500,view
349,886,view
349,988,complete
349,167,click
349,748,view
350,923,view
350,84,view
350,192,click
350,41,click
350,864,click
350,836,view
350,773,view
350,309,view
350,378,view
350,136,view
350,790,click
350,106,save
350,519,view
350,918,click
350,814,view
350,542,complete
350,126,view
350,357,save
350,400,complete
350,79,like
350,389,view
350,579,click
350,535,view
350,701,view
350,74,view
350,5,like
350,919,like
350,463,view
350,82,click
350,537,complete
350,776,view
350,991,view
350,405,view
350,514,save
350,278,view
350,840,save
350,855,view
350,224,view
351,127,view
351,265,click
351,712,click
351,764,like
351,15,view
351,226,click
351,984,click
351,865,view
351,105,view
351,745,view
351,493,save
351,319,view
351,219,complete
351,277,view
351,773,click
351,893,complete
351,931,click
351,341,like
351,452,save
351,369,view
351,944,click
351,848,view
351,991,click
351,474,view
352,547,view
352,119,complete
352,577,view
352,315,view
352,754,view
352,36,click
352,463,save
352,764,view
352,915,complete
352,755,view
352,554,view
352,581,view
352,403,click
352,107,save
352,39,view
352,581,click
352,180,view
352,12,click
352,339,dislike
352,943,view
352,716,like
353,729,click
353,431,like
353,752,view
353,943,view
353,911,view
353,940,click
353,744,dislike
353,744,click
353,242,view
353,702,like
353,902,save
353,741,view
353,66,save
353,972,view
354,676,click
354,382,click
354,609,click
354,143,click
354,62,view
354,242,view
354,238,click
354,131,view
354,605,view
354,603,view
354,645,view
354,123,view
354,440,save
354,927,like
354,342,view
354,419,view
354,630,click
354,455,view
354,198,view
354,282,view
354,886,view
354,1,save
354,723,save
354,775,view
355,738,click
355,758,save
355,568,view
355,567,view
355,276,dislike
355,818,view
355,409,click
355,340,view
355,153,save
355,565,click
355,398,view
355,444,view
355,623,click
355,427,view
355,958,view
355,487,click
355,204,view
355,112,view
355,325,click
355,959,view
355,258,view
355,950,view
355,528,click
355,951,click
355,350,click
355,939,view
355,957,view
355,678,view
355,813,view
355,894,complete
355,435,view
355,426,view
355,280,view
355,371,click
355,670,click
355,933,click
355,249,like
355,891,view
356,405,view
356,115,save
356,895,view
356,701,view
356,980,click
356,975,save
356,26,click
356,566,like
356,682,view
356,395,like
356,933,view
356,381,click
356,523,click
357,584,view
357,915,view
357,288,view
357,95,view
357,669,save
357,41,like
357,331,view
357,813,click
357,781,click
357,155,click
357,504,click
357,275,view
358,509,view
358,447,view
358,666,view
358,914,like
358,82,click
358,57,view
358,519,view
358,112,view
358,48,click
358,592,click
358,887,like
358,376,complete
358,828,view
358,33,view
358,504,view
358,627,view
358,896,like
358,3,click
358,486,click
358,516,view
358,868,view
358,772,view
358,42,click
358,9,click
358,819,view
358,657,click
358,913,save
358,609,view
358,788,click
358,142,view
358,790,click
358,436,save
358,27,dislike
358,43,view
358,131,view
359,946,view
359,466,click
359,941,complete
359,448,view
359,320,like
359,922,view
359,160,view
359,492,view
359,313,click
359,631,click
359,949,view
359,161,like
359,308,click
359,863,click
359,146,view
359,675,like
359,396,view
359,691,view
359,89,view
359,735,view
359,778,like
359,751,view
359,308,view
359,546,save
359,371,click
359,451,save
359,167,view
359,392,click
360,732,save
360,742,click
360,764,view
360,249,view
360,521,click
360,34,view
360,228,view
360,585,click
360,399,view
360,958,view
360,813,like
360,724,save
360,584,view
360,570,click
360,220,view
360,371,save
360,787,click
360,761,view
360,528,view
360,75,view
360,618,click
360,136,click
360,929,view
360,74,view
360,254,view
360,18,view
361,355,click
361,471,view
361,928,view
361,983,view
361,105,view
361,787,save
361,322,save
361,572,save
361,883,click
361,962,save
361,527,click
361,504,click
361,85,click
361,931,click
361,709,view
361,235,click
361,923,view
361,856,click
361,263,view
361,6,view
361,494,complete
361,893,view
361,289,view
361,570,view
361,945,save
361,657,click
361,878,click
361,554,save
362,498,save
362,434,complete
362,758,view
362,234,complete
362,837,save
362,670,view
362,663,click
362,725,view
362,376,click
362,730,view
362,246,click
362,303,view
362,405,save
362,788,save
362,663,view
362,708,view
362,917,view
362,21,click
362,257,view
362,399,click
362,529,view
362,51,view
362,447,view
362,270,view
362,827,save
362,595,complete
362,818,view
362,636,click
362,802,view
362,262,click
362,365,view
362,49,click
362,518,complete
363,306,view
363,564,like
363,582,complete
363,708,save
363,959,click
363,954,complete
363,151,view
363,428,view
363,621,click
363,467,view
363,630,save
363,877,click
363,607,view
363,768,view
363,556,view
363,948,click
363,67,view
363,156,view
363,835,click
363,206,like
363,786,complete
363,155,complete
363,691,save
363,509,view
363,572,like
363,74,view
364,811,view
364,533,view
364,899,view
364,31,view
364,247,complete
364,411,save
364,27,click
364,73,click
364,953,view
364,97,complete
364,673,view
364,346,view
364,476,view
364,300,like
364,299,like
364,287,view
364,885,like
364,449,view
364,212,view
364,76,save
364,401,like
364,655,click
364,34,click
364,498,save
364,848,save
364,516,like
364,328,click
364,98,complete
364,366,dislike
364,729,view
364,463,save
364,28,view
364,713,view
365,619,save
365,550,view
365,646,save
365,911,click
365,221,view
365,815,click
365,941,click
365,502,click
365,133,view
365,846,view
365,53,view
365,450,view
365,62,click
365,23,view
365,44,save
365,820,view
365,558,view
365,659,click
365,728,view
365,852,like
365,47,view
365,859,view
365,820,save
366,108,view
366,876,view
366,241,click
366,251,click
366,135,view
366,90,click
366,591,like
366,440,save
366,689,view
366,298,dislike
366,407,click
366,308,view
366,102,view
366,361,view
366,847,click
366,624,view
366,693,click
366,616,view
366,528,like
366,608,view
366,293,like
366,146,complete
366,404,view
366,814,view
366,2,view
367,14,view
367,859,click
367,246,click
367,14,save
367,99,save
367,33,view
367,436,view
367,257,like
367,34,save
367,19,click
367,664,dislike
367,260,click
367,676,view
367,589,save
368,269,view
368,236,view
368,277,view
368,553,view
368,633,save
368,275,view
368,743,click
368,816,view
368,86,click
368,63,click
368,404,complete
368,192,view
368,293,view
368,31,like
368,330,view
368,658,save
368,107,view
368,871,click
368,622,view
368,276,like
368,722,click
368,651,view
368,598,view
368,556,view
368,82,click
368,64,view
368,890,view
368,930,click
368,855,view
368,833,view
368,567,view
368,586,click
368,885,complete
368,129,view
369,847,complete
369,134,view
369,171,click
369,415,view
369,28,view
369,136,view
369,925,like
369,405,like
369,977,view
369,888,save
369,505,view
369,241,view
369,856,save
369,954,click
369,444,view
369,434,view
369,228,complete
369,509,like
369,799,save
370,873,view
370,941,view
370,168,view
370,368,view
370,536,save
370,925,click
371,447,complete
371,614,view
371,35,view
371,819,view
371,199,view
372,432,view
372,138,click
372,269,click
372,740,complete
372,201,view
373,578,view
373,847,view
373,329,view
373,559,click
373,849,complete
373,894,click
373,231,click
373,308,save
373,658,view
373,719,view
373,146,view
373,152,view
373,791,view
373,140,view
373,663,view
373,21,view
373,254,like
373,64,view
373,218,click
373,72,click
373,990,click
373,162,view
373,130,view
373,581,view
373,927,view
373,225,view
373,758,click
373,580,click
373,454,click
373,983,view
373,915,view
373,384,save
373,107,view
373,621,click
373,840,save
373,103,view
373,141,view
373,577,view
373,134,view
374,585,view
374,753,view
374,936,complete
374,154,view
374,237,click
374,893,view
374,517,click
374,221,view
374,310,view
374,598,click
374,177,view
374,771,click
374,220,view
374,38,click
374,654,like
374,431,view
374,910,view
374,747,save
374,203,click
374,841,view
374,806,view
374,448,view
374,495,view
374,684,complete
374,125,save
374,838,click
375,712,view
375,10,view
375,138,click
375,754,view
375,906,view
375,713,click
375,156,complete
375,408,click
375,787,view
375,225,view
375,580,view
375,184,view
375,195,view
375,554,click
375,396,view
375,914,view
375,663,click
375,596,view
375,134,dislike
375,309,view
375,866,like
375,810,like
375,962,save
375,542,view
375,9,complete
376,372,click
376,265,view
376,264,like
376,110,save
376,915,view
376,307,click
376,200,view
376,226,click
376,185,complete
376,964,like
376,31,view
376,614,view
376,771,view
376,99,click
376,339,view
376,811,click
376,797,view
376,266,view
376,652,view
376,814,complete
376,798,click
376,350,view
376,978,view
376,728,click
376,544,view
376,457,click
376,815,save
376,88,click
376,63,click
376,922,click
376,387,like
376,791,complete
376,459,click
376,586,view
376,818,view
377,516,view
377,65,click
377,318,save
377,346,view
377,632,click
377,243,click
377,898,view
377,137,view
377,247,like
377,441,complete
377,45,save
377,658,like
377,880,view
377,688,view
377,554,view
377,809,view
377,971,save
377,89,dislike
377,730,save
377,954,click
377,228,view
377,810,view
377,291,view
377,422,click
377,67,view
378,571,view
378,821,click
378,308,click
378,337,click
378,671,save
378,783,click
378,121,like
378,766,view
378,404,save
378,773,view
378,647,save
378,786,complete
378,568,view
378,843,click
378,96,click
378,114,view
378,987,view
378,986,view
378,869,like
378,429,like
378,540,click
378,818,click
378,2,click
378,212,view
378,580,view
378,640,click
378,333,complete
378,24,click
378,765,click
378,368,save
378,742,view
379,12,like
379,335,view
379,991,save
379,15,view
379,28,view
379,388,view
379,292,view
379,887,like
379,833,view
379,250,view
379,505,complete
379,98,like
379,815,save
379,337,complete
380,837,click
380,66,view
380,827,like
380,836,view
380,59,view
380,731,view
380,498,view
380,373,view
380,266,view
380,653,save
380,236,view
380,898,click
380,218,view
380,527,view
380,814,view
380,441,save
381,658,click
381,334,view
381,143,view
381,746,click
381,410,view
381,949,view
381,44,view
381,32,view
381,743,view
381,28,view
381,423,click
381,491,view
381,160,dislike
381,845,view
381,207,view
381,18,click
381,103,view
381,582,like
381,631,click
381,651,view
381,672,save
381,232,view
381,660,dislike
381,865,like
381,424,click
382,684,view
382,478,view
382,255,complete
382,63,view
382,814,click
383,393,view
383,772,click
383,601,view
383,177,view
383,204,view
383,646,like
383,594,click
383,533,save
383,911,view
383,128,click
383,195,view
384,91,like
384,301,click
384,724,like
384,917,save
384,919,view
384,734,click
384,217,view
384,735,like
384,923,view
384,98,view
384,456,view
384,531,view
384,809,view
384,538,view
384,28,save
384,576,save
384,324,view
384,223,view
384,80,like
384,563,view
384,458,like
384,614,view
384,176,click
385,897,click
385,19,view
385,46,view
385,451,save
385,898,complete
385,56,view
385,741,view
385,657,complete
385,92,view
385,82,click
385,737,click
385,79,view
385,662,click
385,873,click
385,283,click
385,311,view
385,160,dislike
385,316,view
385,877,click
385,979,like
385,668,view
385,156,save
385,888,complete
385,714,view
385,468,view
385,921,like
385,853,view
386,23,view
386,806,view
386,172,click
386,835,view
386,318,view
386,908,click
386,798,like
386,991,view
386,855,view
386,193,view
386,681,click
386,916,view
386,118,view
386,6,view
386,843,view
386,483,view
386,132,view
386,93,save
386,763,click
386,522,view
386,563,view
386,861,view
386,294,view
386,641,like
386,392,dislike
386,249,view
386,614,view
386,849,view
386,595,click
386,703,click
386,417,save
387,202,click
387,875,click
387,730,click
387,605,view
387,133,view
387,139,view
387,669,click
387,493,click
387,847,complete
387,70,view
387,816,view
387,15,view
387,747,view
387,212,save
387,802,view
387,60,click
387,252,click
387,446,view
387,2,like
387,748,view
388,841,save
388,509,save
388,869,click
388,520,save
388,53,view
388,398,click
388,199,dislike
388,391,view
388,649,save
388,771,view
388,846,view
388,913,save
388,498,view
388,172,click
388,86,view
388,558,complete
388,858,view
388,186,view
388,156,view
388,493,complete
388,910,click
388,521,click
388,627,view
388,666,view
388,130,view
388,843,click
388,81,view
389,943,view
389,616,click
389,158,save
389,272,view
389,827,view
389,238,view
389,303,click
389,884,view
389,670,view
389,621,complete
389,521,complete
389,321,dislike
389,59,save
390,121,like
390,88,view
390,217,view
390,573,click
390,814,click
390,179,view
390,702,view
390,163,dislike
390,593,click
390,170,click
390,301,view
390,374,view
390,708,view
390,203,view
390,47,view
390,463,view
390,670,click
390,408,view
391,819,view
391,400,view
391,506,view
391,167,complete
391,783,save
392,31,like
392,709,view
392,744,view
392,296,view
392,414,view
392,837,view
392,972,click
392,135,view
392,525,like
392,4,view
393,694,view
393,146,click
393,562,complete
393,430,click
393,432,like
393,615,view
393,545,view
393,497,click
393,983,view
393,89,like
393,411,view
393,897,view
393,853,click
393,827,view
393,241,like
393,778,view
393,223,view
393,748,save
393,665,view
393,468,save
393,569,view
393,322,view
393,375,complete
393,112,save
393,527,view
393,412,click
393,269,complete
393,626,view
394,380,view
394,699,view
394,366,view
394,227,click
394,118,dislike
394,412,view
395,880,like
395,283,save
395,473,view
395,416,view
395,979,click
395,600,view
395,121,view
395,3,view
395,316,click
395,460,click
395,227,save
395,79,save
395,657,like
395,754,save
395,544,view
395,775,view
395,723,click
395,71,view
395,896,like
395,197,view
395,58,view
395,424,click
395,469,click
395,624,click
395,48,click
395,435,view
395,185,view
396,826,view
396,747,view
396,640,view
396,936,view
396,214,view
396,956,view
396,755,click
396,556,click
396,518,like
396,668,save
396,415,view
396,8,view
396,5,view
396,362,view
396,694,view
397,699,like
397,562,view
397,709,view
397,216,view
397,413,view
397,733,view
397,380,click
397,602,view
397,232,view
397,835,view
397,258,save
397,665,click
397,256,view
397,403,like
397,424,view
397,770,dislike
397,979,click
397,65,view
397,190,click
397,603,save
397,950,view
397,173,like
397,759,view
397,768,view
397,628,view
397,561,view
397,227,view
397,581,like
397,934,view
397,388,view
397,401,click
397,638,like
397,949,dislike
398,572,click
398,545,click
398,437,view
398,127,like
398,733,view
398,712,click
398,417,save
398,638,click
398,41,view
398,787,click
398,469,view
398,297,save
398,597,view
398,601,view
398,42,view
398,632,save
398,279,click
398,459,click
398,33,click
398,276,save
398,665,view
398,90,click
398,616,click
398,948,view
398,524,view
398,160,view
398,929,view
398,458,view
398,708,view
398,399,click
398,819,view
399,268,like
399,832,view
399,630,click
399,762,click
399,571,dislike
399,195,save
399,987,like
399,562,view
399,407,save
399,296,view
399,890,view
399,97,complete
400,671,view
400,728,click
400,538,view
400,798,click
400,162,view
400,430,view
400,614,view
400,69,view
400,133,save
400,189,like
400,723,view
401,358,view
401,201,view
401,444,view
401,837,view
401,827,click
402,254,view
402,963,view
402,911,click
402,516,view
402,749,view
402,550,click
402,20,view
402,625,click
402,535,view
402,421,save
402,446,view
402,879,like
402,136,view
403,936,click
403,685,view
403,187,like
403,498,click
403,600,view
403,715,save
403,361,view
403,823,view
403,832,view
403,449,click
403,694,view
404,24,click
404,984,view
404,943,click
404,723,click
404,222,view
405,901,save
405,604,view
405,512,save
405,88,click
405,465,view
405,50,click
405,103,view
405,368,view
405,936,view
405,492,view
405,558,dislike
405,691,view
405,779,click
405,268,view
405,397,click
405,320,view
405,520,click
405,449,click
405,777,click
405,476,view
405,898,click
405,590,view
405,909,view
405,240,view
405,258,view
405,708,view
405,972,click
405,944,view
405,842,view
405,643,view
405,964,click
405,390,click
405,343,view
405,773,click
405,754,click
405,387,view
405,394,click
406,595,like
406,427,click
406,949,like
406,655,view
406,474,view
406,568,view
406,361,click
406,952,view
406,799,view
406,211,view
406,953,view
406,179,like
406,920,view
406,58,view
406,73,save
406,215,view
406,900,click
406,778,save
406,959,complete
406,73,like
407,985,view
407,478,view
407,821,complete
407,440,view
407,263,click
407,185,view
407,55,view
407,308,view
407,516,save
407,299,view
407,552,view
407,230,view
407,377,save
407,286,click
407,138,click
407,478,view
407,615,like
408,663,click
408,511,click
408,346,like
408,846,click
408,140,view
408,114,save
408,580,dislike
408,507,click
408,366,like
408,691,click
408,637,click
408,397,click
408,825,click
408,823,view
408,850,click
408,875,click
408,924,view
408,870,view
408,745,save
408,940,click
408,659,view
408,942,save
408,111,like
408,875,view
408,358,view
408,238,complete
409,764,view
409,329,dislike
409,931,view
409,200,like
409,711,view
409,196,save
409,826,save
409,589,like
409,531,view
409,62,complete
410,376,view
410,409,save
410,711,click
410,488,view
410,343,complete
410,240,view
411,416,view
411,666,complete
411,121,view
411,124,view
411,150,click
411,397,click
411,381,click
411,780,view
411,839,complete
411,1,click
411,673,save
411,244,view
411,887,view
411,398,view
411,251,view
411,879,view
411,576,view
411,299,click
411,760,click
411,954,save
411,297,view
412,530,click
412,784,complete
412,642,click
412,495,view
412,269,view
412,941,save
412,80,complete
412,456,view
412,299,save
412,968,like
412,822,view
412,202,save
412,503,view
412,737,click
412,671,click
412,716,click
412,649,click
412,485,view
412,585,like
412,560,save
412,18,save
412,478,view
412,992,view
412,488,view
412,983,like
412,779,view
413,952,dislike
413,740,view
413,88,like
413,10,save
413,308,complete
413,434,save
413,802,click
413,164,like
413,239,view
413,317,view
413,656,dislike
413,335,save
413,18,complete
413,71,save
413,175,like
413,854,click
413,800,save
413,811,click
413,339,like
413,936,save
413,248,save
413,193,click
413,419,view
414,870,click
414,49,view
414,787,view
414,951,view
414,680,save
414,263,view
414,133,click
414,810,click
414,344,click
414,176,like
414,391,view
414,11,save
414,201,view
415,721,view
415,65,click
415,574,save
415,465,click
415,258,view
415,646,click
415,634,click
415,331,click
415,501,click
415,683,complete
415,210,view
415,808,complete
415,89,click
415,679,click
415,28,view
415,238,view
416,61,save
416,819,view
416,678,view
416,524,dislike
416,216,save
416,589,dislike
416,744,view
416,624,view
416,578,click
416,694,click
416,423,view
416,716,like
416,423,click
416,371,view
416,206,click
416,286,click
416,105,view
416,754,dislike
416,747,view
416,688,view
416,723,like
416,543,dislike
416,747,save
416,242,like
416,491,click
416,665,like
416,708,view
416,498,save
416,435,click
416,781,view
416,484,click
416,447,click
417,162,view
417,301,like
417,306,click
417,2,view
417,271,view
417,421,click
417,143,dislike
418,281,like
418,110,view
418,549,complete
418,552,click
418,597,complete
418,814,save
418,188,view
418,752,view
418,870,view
418,488,view
418,354,view
418,19,view
418,859,complete
418,393,view
418,837,save
418,261,complete
418,985,like
418,410,view
418,403,view
418,670,view
418,484,view
418,304,view
418,624,save
418,656,view
418,768,click
418,967,dislike
418,18,view
418,184,view
418,405,save
418,799,view
418,897,click
418,131,view
418,479,like
418,793,view
418,757,view
418,8,click
418,705,view
419,802,click
419,720,like
419,499,complete
419,613,click
419,484,dislike
419,46,click
419,443,view
419,582,click
419,648,view
419,792,view
420,213,view
420,234,view
420,863,view
420,623,view
420,954,view
420,361,view
420,320,view
420,222,view
420,952,click
420,738,dislike
420,210,like
420,396,view
420,931,view
420,583,like
420,489,view
420,872,save
420,601,click
420,774,complete
420,961,like
420,878,click
420,464,click
420,700,view
420,624,view
420,452,view
420,413,view
420,934,view
420,751,view
420,476,like
421,991,click
421,401,view
421,571,view
421,799,save
421,64,view
421,768,view
421,560,view
421,279,complete
421,710,view
421,670,like
421,823,view
421,519,click
421,248,click
422,76,view
422,755,click
422,317,click
422,770,view
422,417,view
422,968,view
422,190,click
422,489,click
422,889,click
422,315,save
422,296,save
422,501,click
422,177,save
422,800,view
422,806,like
422,860,click
422,719,save
423,389,view
423,416,view
423,784,like
423,713,view
423,150,save
423,960,view
423,428,view
423,808,view
423,293,save
423,334,view
423,272,like
423,43,click
423,468,view
423,319,click
423,492,view
423,527,save
423,760,view
423,172,view
423,730,save
423,649,complete
423,321,view
423,739,save
423,44,view
423,532,save
423,631,click
423,454,view
423,746,view
423,970,view
423,880,view
423,891,view
423,929,click
423,848,dislike
423,868,view
423,774,click
423,83,click
424,65,view
424,193,view
424,953,view
424,62,click
424,532,view
424,241,click
424,715,view
424,410,complete
424,300,like
425,984,like
425,759,view
425,773,like
425,191,click
425,541,save
425,48,view
425,250,view
425,226,view
425,272,view
425,665,click
425,485,view
425,328,dislike
425,797,view
425,180,view
425,814,click
425,665,click
425,746,view
425,23,save
425,930,click
425,963,click
425,606,click
425,370,view
425,245,click
425,802,like
425,160,view
425,373,view
425,285,like
425,521,view
425,450,view
425,697,dislike
425,807,view
425,647,view
425,622,like
425,581,like
425,136,view
425,96,click
425,119,save
425,374,click
426,514,view
426,895,view
426,17,click
426,315,view
426,436,complete
426,388,view
426,77,like
426,978,view
426,899,view
426,371,click
426,165,save
426,609,click
426,617,view
426,24,view
426,712,click
426,35,view
426,514,view
426,801,click
426,844,view
426,854,view
426,461,view
426,138,dislike
426,849,view
426,574,like
426,811,view
426,709,save
426,889,view
426,571,view
426,265,save
426,333,save
426,188,save
426,63,save
427,666,view
427,312,view
427,376,view
427,346,view
427,150,view
427,888,click
427,585,save
427,581,save
427,977,view
427,177,dislike
427,354,click
427,514,view
427,309,save
427,119,click
427,519,click
427,767,view
427,973,view
427,916,like
427,478,click
427,414,click
427,587,click
427,351,save
427,506,view
427,195,click
428,10,view
428,658,click
428,739,view
428,748,view
428,464,like
428,754,view
428,817,view
428,583,complete
428,158,like
428,19,click
428,55,view
428,956,view
428,727,save
428,968,view
428,721,view
428,21,click
428,282,view
428,761,view
428,540,view
428,935,view
428,417,view
428,808,view
428,723,view
428,285,click
428,532,save
428,532,view
428,511,click
428,842,view
428,396,view
428,120,view
428,97,click
428,120,click
428,537,click
429,468,click
429,143,like
429,609,save
429,309,click
429,401,view
429,320,view
429,212,view
429,317,complete
429,185,complete
429,205,click
429,364,like
429,216,like
429,246,click
429,239,click
429,805,view
429,391,view
429,520,view
429,983,view
429,590,click
429,836,view
429,277,like
429,957,view
429,202,view
429,214,save
429,606,click
429,478,view
429,508,click
429,976,view
429,75,complete
429,982,click
429,669,view
429,665,click
429,954,like
429,142,click
429,590,save
429,322,view
429,694,like
429,461,save
430,64,click
430,638,view
430,730,view
430,796,dislike
430,354,view
430,474,save
430,909,view
430,748,save
430,485,save
430,13,click
430,934,like
430,153,complete
431,811,complete
431,609,save
431,46,click
431,1,dislike
431,678,view
431,245,view
431,219,view
431,614,click
431,291,save
431,458,click
431,204,like
431,202,click
431,566,view
431,482,view
431,792,like
431,511,view
431,924,click
431,278,view
431,16,view
431,525,click
431,356,view
431,356,like
431,830,view
431,939,click
431,599,click
431,78,click
431,928,like
431,67,view
431,859,view
431,723,view
431,214,like
431,697,complete
432,227,view
432,273,like
432,938,save
432,317,view
432,899,like
432,86,view
432,291,click
432,469,view
432,729,click
432,871,view
432,578,view
432,769,view
432,647,view
432,404,view
432,427,view
433,856,view
433,160,view
433,173,view
433,545,view
433,458,click
433,585,view
433,433,view
433,929,view
433,481,view
433,455,view
433,196,save
433,796,view
433,599,click
433,309,view
433,736,view
433,556,click
433,848,view
433,494,view
433,439,click
433,650,view
433,782,view
433,359,click
434,256,like
434,342,view
434,667,view
434,975,click
434,231,view
434,301,save
434,547,click
434,26,like
434,535,view
434,653,view
434,474,save
435,325,view
435,970,save
435,458,view
435,885,view
435,265,view
435,382,view
435,213,save
435,333,click
435,10,dislike
435,358,click
435,203,view
435,708,click
435,58,dislike
435,494,click
435,510,save
435,768,complete
435,223,view
435,369,click
435,692,like
435,418,complete
435,874,view
435,547,click
435,871,click
435,103,view
435,161,click
435,200,view
435,160,view
435,695,view
435,865,click
435,136,view
435,942,view
435,398,view
435,738,view
436,499,click
436,324,view
436,595,view
436,562,click
436,281,view
436,166,view
436,243,view
436,889,save
436,479,click
436,164,view
436,324,click
436,568,view
436,551,click
436,831,view
436,640,click
436,903,complete
436,634,view
437,267,complete
437,790,view
437,111,like
437,381,view
437,825,save
437,601,view
437,899,view
437,158,view
437,728,view
437,896,save
437,813,click
437,548,view
437,599,complete
437,118,view
437,328,complete
437,960,view
437,694,like
437,68,view
437,434,click
437,359,view
437,671,click
437,797,click
437,443,view
437,164,dislike
437,973,complete
437,361,complete
437,585,complete
437,119,save
437,853,dislike
437,195,like
437,601,view
437,857,save
437,588,like
437,733,click
438,500,click
438,121,view
438,858,save
438,240,click
438,465,like
438,107,save
438,180,view
438,16,save
438,355,click
439,574,view
439,980,view
439,596,click
439,645,save
439,394,view
439,336,view
439,63,complete
439,793,like
439,44,view
440,198,dislike
440,785,view
440,156,save
440,50,click
440,479,click
440,228,view
440,951,save
440,457,like
440,522,view
440,149,click
440,58,view
440,162,dislike
440,863,view
440,477,view
440,107,view
440,427,click
440,395,view
440,801,click
440,186,complete
440,558,like
440,957,view
440,446,dislike
440,641,click
440,917,view
440,830,view
440,448,view
440,87,save
440,249,view
441,334,view
441,920,view
441,75,view
441,793,click
441,412,view
441,519,view
441,625,view
441,36,click
441,778,save
441,625,view
441,804,click
441,223,view
441,723,click
441,530,view
441,241,view
441,134,click
441,732,like
441,391,view
441,102,save
441,652,click
441,681,like
441,498,view
441,511,view
441,703,like
441,537,view
441,977,view
441,949,view
441,545,save
441,343,view
441,841,like
441,6,view
441,958,view
441,194,view
441,742,view
441,137,click
441,835,click
441,912,view
442,912,click
442,697,view
442,481,view
442,650,view
442,403,like
442,835,view
442,676,save
442,900,view
442,587,save
442,233,like
442,929,view
442,284,view
442,480,save
442,889,click
442,767,click
442,976,click
442,9,view
442,715,save
442,902,view
443,186,complete
443,903,click
443,143,click
443,282,view
443,907,like
443,640,view
443,678,click
443,27,complete
443,246,click
443,487,click
443,647,view
443,897,view
443,202,save
443,21,view
443,591,click
443,670,view
443,94,like
443,8,view
443,472,click
443,339,click
443,259,view
443,55,view
443,911,view
443,548,view
443,6,view
443,377,view
443,554,click
443,50,view
443,112,dislike
443,146,click
443,230,view
443,723,view
443,497,like
443,306,view
443,542,click
443,461,click
443,807,view
444,104,save
444,247,click
444,812,like
444,23,click
444,953,click
445,378,click
445,550,view
445,556,view
445,863,view
445,74,view
445,438,view
445,881,view
445,226,view
445,819,view
445,308,click
445,966,like
445,348,click
445,476,click
445,315,view
446,239,view
446,351,click
446,893,like
446,255,view
446,685,click
446,309,view
446,749,click
446,831,save
446,607,like
446,849,view
446,495,view
446,57,click
447,907,view
447,113,save
447,166,click
447,668,view
447,8,save
447,714,click
447,217,click
447,431,click
447,292,view
447,893,click
447,50,like
447,107,view
447,9,view
447,745,like
447,700,view
447,456,click
448,632,click
448,278,view
448,714,complete
448,46,click
448,168,save
448,445,view
448,622,view
448,46,view
448,724,save
448,540,complete
449,65,view
449,956,save
449,908,view
449,555,view
449,733,view
449,17,click
449,836,view
449,797,view
449,183,view
449,391,like
449,44,click
449,973,like
449,901,view
449,700,view
450,332,save
450,264,save
450,83,complete
450,777,view
450,924,view
451,333,view
451,310,view
451,727,complete
451,420,click
451,609,save
451,725,view
451,354,view
451,824,save
451,100,click
451,145,click
451,10,click
451,983,click
451,44,click
451,763,view
451,386,view
451,739,like
451,910,view
451,761,click
451,495,click
451,493,dislike
451,169,view
451,642,view
451,531,save
451,336,save
451,747,click
451,857,view
451,513,view
451,130,click
451,539,like
452,358,complete
452,56,save
452,813,save
452,316,view
452,964,view
452,185,view
452,54,view
452,37,save
452,723,view
452,805,click
452,270,view
452,863,view
452,732,dislike
452,508,view
452,228,view
452,428,view
452,870,view
452,723,view
452,810,view
452,1,click
452,23,save
452,503,click
452,448,view
452,796,click
452,496,view
452,900,click
452,425,click
452,700,view
452,18,save
452,959,like
452,445,save
452,561,view
453,110,click
453,834,view
453,266,click
453,373,click
453,152,view
453,976,click
453,595,view
453,955,click
453,415,click
453,907,view
453,646,complete
453,326,view
453,672,complete
453,551,view
453,176,complete
453,525,view
453,315,view
453,67,complete
453,952,view
453,760,view
453,553,save
453,184,click
453,35,click
453,934,view
453,505,click
453,849,view
453,963,complete
453,802,click
453,76,click
454,383,save
454,441,view
454,878,view
454,447,view
454,619,click
454,617,like
454,71,click
454,943,view
454,84,save
454,209,click
454,259,view
454,239,view
454,302,view
454,232,view
454,932,save
454,282,view
454,394,view
454,418,like
454,206,save
454,264,click
454,311,view
454,859,view
454,906,view
454,697,view
454,626,view
454,79,click
454,869,view
454,342,view
454,813,view
455,524,complete
455,622,click
455,133,like
455,901,click
455,640,view
455,148,dislike
455,566,view
455,823,click
455,954,view
455,79,view
455,346,click
455,609,view
455,249,view
455,639,view
455,542,view
456,87,view
456,776,view
456,258,click
456,991,view
456,185,view
456,692,view
456,698,view
456,123,save
456,889,like
456,96,view
456,605,view
456,515,view
456,904,click
456,443,click
456,514,view
456,991,click
456,958,click
456,371,complete
456,305,view
456,357,view
456,148,view
457,856,view
457,486,view
457,444,view
457,566,click
457,599,click
457,773,save
457,748,view
457,123,view
457,420,view
457,566,click
457,216,view
457,420,like
457,709,view
457,551,view
457,966,like
457,877,view
457,228,view
457,237,view
457,644,view
457,330,dislike
457,833,click
457,469,view
457,680,click
457,487,view
457,549,save
457,579,like
457,623,like
457,415,view
457,219,view
457,721,view
457,381,click
457,87,click
457,461,view
457,815,like
457,411,view
457,691,view
457,916,view
457,525,view
458,915,click
458,401,like
458,871,click
458,892,view
458,449,view
458,635,click
458,628,like
458,669,view
458,270,view
458,17,view
458,269,view
458,861,view
458,482,view
458,219,view
458,319,view
458,238,complete
458,545,view
458,285,view
458,37,view
458,103,complete
458,723,save
459,870,view
459,668,view
459,899,view
459,262,view
459,685,complete
459,535,view
459,903,click
459,376,click
459,61,click
459,356,click
459,833,view
459,646,view
459,24,view
459,293,view
459,557,view
459,691,view
459,356,complete
459,984,like
459,870,view
459,941,view
459,575,view
459,29,view
459,357,view
459,365,complete
459,608,view
459,409,view
459,266,view
459,291,dislike
459,567,like
459,153,click
459,219,view
459,173,view
459,608,view
459,635,view
459,12,save
460,380,view
460,770,click
460,859,click
460,752,click
460,827,view
460,214,click
460,98,save
460,528,complete
460,916,view
460,666,click
460,528,click
460,710,like
460,620,save
460,535,complete
460,554,complete
460,549,view
460,328,click
460,902,click
460,165,view
460,116,view
460,150,view
460,518,save
460,32,view
460,657,like
460,806,click
460,913,click
460,293,view
460,919,view
460,689,view
460,957,view
460,177,save
460,61,click
460,589,view
460,416,save
460,383,view
460,598,view
460,703,click
461,729,like
461,67,view
461,978,view
461,690,like
461,374,view
461,759,save
461,806,click
461,235,view
461,643,save
461,112,click
462,231,view
462,802,dislike
462,819,view
462,873,view
462,349,view
462,255,view
462,452,view
462,142,view
462,69,view
462,89,click
462,871,view
462,136,view
462,655,view
462,851,view
462,699,view
462,523,click
462,660,complete
462,951,like
462,804,like
462,850,view
462,910,view
462,442,view
462,38,save
462,857,view
462,208,click
462,210,view
462,513,view
462,360,dislike
462,577,save
462,1,save
462,755,click
462,981,like
463,160,click
463,892,view
463,554,click
463,47,view
463,159,save
463,446,view
463,696,view
463,758,save
463,523,view
463,666,view
463,732,view
463,155,view
463,339,view
463,953,dislike
463,365,save
463,795,like
463,699,complete
463,574,view
463,148,view
463,899,view
463,144,save
463,103,click
464,739,click
464,768,view
464,692,view
464,184,click
464,703,view
464,964,complete
464,744,view
464,276,view
464,233,click
464,54,view
465,984,view
465,737,save
465,526,click
465,355,view
465,621,like
465,930,complete
465,401,click
465,405,click
465,96,view
465,707,click
465,570,view
465,975,view
465,392,view
465,352,view
466,878,click
466,68,view
466,864,click
466,556,view
466,143,like
466,346,like
466,554,view
466,651,view
466,585,view
466,779,click
466,194,view
466,667,like
466,246,click
466,314,click
466,730,click
466,968,view
466,384,complete
466,765,click
466,789,dislike
466,277,click
466,72,click
466,129,view
466,358,click
466,698,save
466,525,save
466,841,save
466,220,view
466,6,complete
466,751,dislike
467,808,view
467,42,click
467,947,view
467,35,complete
467,494,view
467,553,like
467,853,view
467,124,save
467,57,view
467,806,view
467,456,click
467,235,view
467,608,click
467,392,click
467,492,view
467,970,complete
467,831,view
467,343,click
467,644,click
467,176,click
467,52,view
467,550,view
467,478,click
467,489,view
467,855,view
467,5,click
467,725,click
467,632,view
467,838,view
467,881,view
468,965,click
468,594,view
468,401,view
468,708,click
468,246,view
468,903,like
468,857,save
468,869,view
468,552,click
468,680,complete
468,43,view
468,841,click
468,723,view
468,179,click
468,457,like
468,535,click
468,607,click
468,672,like
468,244,click
468,927,click
468,17,click
469,331,view
469,932,click
469,587,view
469,201,save
469,454,like
469,504,save
469,546,view
469,826,click
469,111,click
469,933,view
469,864,view
469,828,view
469,908,view
469,749,complete
469,544,save
469,209,view
469,644,view
469,618,dislike
469,33,view
469,555,save
469,880,view
469,107,like
469,265,click
469,226,view
469,487,view
469,179,click
469,222,like
469,370,view
469,637,click
469,788,view
469,167,like
469,663,save
469,553,view
469,300,view
469,381,view
469,35,click
469,407,view
469,502,view
470,849,view
470,839,click
470,370,view
470,941,save
470,564,view
470,628,view
470,893,like
470,458,view
470,895,view
470,577,view
470,642,click
470,689,view
470,790,view
470,992,view
470,925,click
470,163,save
470,977,view
470,332,view
470,664,view
470,350,view
470,748,view
470,670,view
471,66,click
471,397,like
471,959,view
471,210,view
471,474,click
471,665,view
471,684,view
471,910,view
471,837,view
472,289,view
472,925,complete
472,533,click
472,892,save
472,694,view
472,696,view
472,244,like
472,862,like
472,661,view
472,768,view
473,550,click
473,281,view
473,288,view
473,655,click
473,525,click
473,698,click
473,474,view
473,946,click
473,267,view
473,781,click
473,609,view
473,946,click
473,357,save
473,806,view
473,1,view
473,807,click
473,27,click
473,548,click
473,160,click
473,937,view
473,399,view
474,970,click
474,202,view
474,602,like
474,89,click
474,437,view
474,120,view
474,156,view
474,973,save
474,399,click
474,700,view
474,188,view
474,774,like
474,52,like
474,652,click
474,531,click
474,480,save
474,587,click
474,230,view
474,481,view
474,130,save
474,55,view
474,271,view
474,960,save
474,100,click
475,218,click
475,108,complete
475,819,click
475,550,dislike
475,907,view
475,948,view
475,349,view
475,788,view
475,522,view
475,26,view
476,956,view
476,323,like
476,853,click
476,313,view
476,584,like
476,270,click
476,762,view
476,295,view
476,656,save
476,786,save
476,223,click
476,75,click
476,102,click
476,532,view
476,629,click
476,686,view
476,885,complete
476,173,save
476,4,click
476,852,view
476,479,view
476,660,view
476,395,click
476,626,click
476,833,view
476,914,click
476,167,save
476,300,view
476,118,view
476,512,save
476,612,click
476,786,click
476,175,click
477,599,view
477,261,view
477,306,view
477,809,click
477,862,like
477,240,view
477,679,view
477,313,dislike
477,731,click
477,441,complete
477,933,view
477,903,view
477,133,view
477,719,view
477,51,click
477,618,view
477,392,click
477,696,view
477,713,save
477,523,view
477,766,view
477,508,click
477,662,view
477,354,view
477,867,view
477,973,like
477,395,click
477,956,click
477,96,complete
478,155,click
478,169,view
478,796,view
478,272,view
478,547,like
478,420,view
478,184,view
478,611,click
478,237,view
478,915,view
478,509,view
478,441,click
478,981,click
478,122,click
478,417,view
478,535,save
478,375,view
478,575,view
478,326,view
478,480,click
478,150,view
478,707,click
478,592,like
478,490,view
478,827,view
479,977,view
479,542,click
479,495,save
479,266,view
479,227,view
479,829,save
480,320,click
480,375,click
480,604,view
480,501,view
480,662,view
480,234,save
480,921,view
480,337,like
480,571,click
480,185,view
480,438,view
480,556,click
480,180,like
480,76,click
480,656,view
480,613,click
480,893,view
480,272,dislike
480,977,click
480,55,click
480,701,view
480,863,click
480,847,view
480,77,view
480,296,view
480,219,complete
480,277,click
480,578,view
480,648,like
481,107,save
481,660,click
481,907,click
481,463,view
481,430,click
481,704,view
481,337,like
481,738,view
481,754,view
481,496,click
481,972,click
481,362,view
481,796,like
481,432,complete
481,675,click
482,15,save
482,560,click
482,651,click
482,546,view
482,932,view
482,414,click
482,355,like
482,457,like
482,722,click
482,531,click
482,196,save
482,838,click
482,115,click
482,417,like
482,352,save
482,976,like
482,75,view
482,662,click
482,36,save
482,242,view
482,663,save
482,63,view
482,666,save
482,509,click
482,188,view
482,735,view
482,93,click
482,5,click
482,438,view
482,166,like
482,446,click
482,25,click
482,508,view
483,273,click
483,598,click
483,807,view
483,41,view
483,560,click
483,466,view
483,924,complete
483,77,complete
483,690,view
484,618,complete
484,440,click
484,180,view
484,622,complete
484,228,click
484,633,view
484,619,view
484,643,view
484,23,view
484,657,view
484,327,like
484,154,click
484,619,click
484,146,save
484,252,save
484,302,like
484,70,complete
484,543,view
484,93,complete
484,649,click
484,886,view
484,163,click
484,81,click
485,605,click
485,741,click
485,908,view
485,649,view
485,617,save
485,305,click
485,339,complete
485,529,view
485,54,view
485,112,view
486,52,click
486,655,click
486,644,view
486,858,like
486,511,like
486,207,like
486,992,save
486,574,click
486,875,click
486,511,click
486,644,save
486,553,click
486,201,view
486,611,view
487,961,view
487,241,click
487,58,save
487,984,click
487,816,complete
487,305,save
487,345,view
487,642,view
487,729,click
487,14,complete
487,359,dislike
487,377,save
487,243,click
487,145,save
487,891,view
487,415,view
487,394,click
487,838,like
487,615,complete
487,729,view
487,358,save
487,933,like
487,576,click
487,158,view
487,674,click
487,18,click
487,728,click
487,831,click
487,561,save
487,568,view
487,347,view
487,58,click
487,155,view
487,567,complete
487,487,view
487,853,view
487,531,like
487,487,view
487,151,save
488,420,view
488,152,click
488,160,save
488,859,like
488,480,view
488,443,like
488,96,click
488,352,click
488,986,complete
488,75,view
488,878,view
488,594,view
488,640,view
488,359,view
488,133,click
488,400,view
489,636,click
489,585,save
489,366,like
489,890,click
489,642,click
489,469,view
489,418,like
489,27,view
489,677,click
489,455,view
489,918,view
489,580,click
489,14,click
489,98,view
489,279,view
489,940,view
489,490,click
489,985,view
489,961,click
489,883,click
489,759,complete
489,624,view
489,207,view
489,864,click
489,846,click
489,233,view
489,573,save
489,597,view
490,819,view
490,651,like
490,78,complete
490,592,view
490,10,view
490,468,click
490,336,view
490,636,view
490,186,view
490,546,click
490,121,click
490,592,click
490,718,view
490,565,save
490,668,click
490,274,like
490,410,view
490,358,like
491,330,view
491,949,click
491,802,save
491,169,click
491,266,view
491,308,click
491,459,save
491,185,view
491,334,save
491,515,save
491,441,view
491,673,view
491,391,click
491,772,click
491,935,like
491,560,click
491,254,view
491,586,view
491,335,save
491,400,view
491,166,click
491,260,view
491,4,view
491,888,view
491,119,view
491,923,click
491,470,view
491,470,complete
491,785,click
491,493,view
491,738,view
491,864,click
491,500,view
491,70,dislike
491,694,click
492,59,click
492,697,view
492,223,click
492,492,view
492,11,view
492,793,view
492,701,click
492,512,like
492,814,view
492,310,click
492,749,view
492,34,like
492,340,click
492,647,save
493,302,click
493,881,complete
493,540,view
493,485,like
493,77,complete
493,633,click
493,515,view
493,549,view
494,636,view
494,657,view
494,632,save
494,109,click
494,415,like
494,92,click
495,730,view
495,468,view
495,170,save
495,819,view
495,792,dislike
495,875,view
495,210,save
495,256,click
495,683,view
495,73,view
495,147,click
495,340,like
495,317,view
495,618,view
495,606,view
495,575,view
495,154,complete
495,255,click
496,873,view
496,701,dislike
496,21,click
496,549,save
496,246,view
496,283,save
496,614,click
496,931,click
496,806,view
496,232,click
496,316,click
496,838,click
496,800,like
496,336,like
496,988,complete
496,976,click
496,411,complete
496,245,save
496,387,view
496,689,view
496,725,view
496,358,view
496,614,view
496,798,view
496,22,click
496,19,view
497,377,view
497,640,view
497,486,view
497,770,view
497,51,view
497,154,view
497,582,view
497,788,view
497,791,like
497,310,like
497,399,view
497,134,view
497,220,click
497,163,click
497,971,complete
497,648,view
497,569,click
497,502,like
497,946,view
497,689,view
497,115,view
497,499,view
497,472,view
498,178,view
498,922,view
498,543,click
498,356,like
498,318,click
498,666,complete
498,963,view
499,959,view
499,591,view
499,194,save
499,363,complete
499,96,view
499,40,click
499,768,view
499,397,view
499,107,click
499,17,click
499,527,view
499,929,save
499,784,save
499,499,complete
499,525,view
500,422,view
500,526,view
500,192,click
500,807,view
500,694,view
500,642,view
500,224,like
500,555,click
500,693,view
500,387,view
500,681,view
500,776,click
500,474,click
500,608,view
500,203,view
500,447,view
500,833,view
500,847,view
500,900,save
500,68,view
500,92,click
500,778,click
500,843,view
500,178,click
500,663,click
500,829,view
